policy_id,policy_name,support_summary,support_detail,region,clean_text,updated_at
1,국민임대주택,집 없는 서민들을 위해 생활편익시설이 잘 갖추어진 주택을 지어 최장 30년까지 저렴하게 임대합니다.,집 없는 서민들을 위해 생활편익시설이 잘 갖추어진 주택을 지어 최장 30년까지 저렴하게 임대합니다.,,"[국민임대주택]

집 없는 서민들을 위해 생활편익시설이 잘 갖추어진 주택을 지어 최장 30년까지 저렴하게 임대합니다.

신청 방법
현장접수 : 사업주체가 지정한 장소에서 신청서 작성 및 관련서류 제출
인터넷 접수 : SH서울주택도시개발공사 인터넷청약시스템(
www.i-sh.co.kr/app
), LH한국토지주택공사 LH청약 홈페이지(
apply.lh.or.kr
)",2026-02-25T14:19:05.059592+00:00
2,행복주택,"대학생, 사회초년생, 신혼부부 등 젊은 계층의 거주비와 사회적 비용 절감으로 거주 불안을 해소할 수 있도록 대중교통이 편리하고, 직장(학교)와 집 간의 거리가가까운 부지를 활용해 저렴하게 공급합니다.","대학생, 사회초년생, 신혼부부 등 젊은 계층의 거주비와 사회적 비용 절감으로 거주 불안을 해소할 수 있도록 대중교통이 편리하고, 직장(학교)와 집 간의 거리가가까운 부지를 활용해 저렴하게 공급합니다.

■ 지원 대상
정의
소득
총자산가액(만원)
자동차가액(만원)
주택청약종합저축
대학생
(미혼)
대학생
대학 재학 중이거나 다음 학기 입학 또는 복학 예정
본인, 부모 합계 소득이 평균소득의 100% 이하(1인 120%, 2인 110%)
10,400
(본인)
비소유
-
취업준비생
대학 재학 중이거나 다음 학기 입학 또는 복학 예정
청년
(미혼)
청년
19세 이상 39세 이하
평균소득의 100% 이하(1인 120%, 2인 110%) ※ 세대원인 경우 본인 소득, 세대주인 경우 무주택세대구성원 전원 소득 심사
25,400
3,803
가입사실증명
사회 초년생
소득 있는 업무 종사 또는 퇴직 후 1년 이내로서 소득 있는 업무 종사기간이 총 5년 이내
예술인
예술인복지법 제2조제2호에 따른 예술인
신혼부부,한부모가족
신혼부부
혼인 중으로 (합산)혼인기간이 7년 이내
평균소득의 100% 이하 (2인 110%)
배우자가 소득이 있을 경우 120% 이하 (맞벌이 2인 130%)
33,700
3,803
가입사실증명
예비신혼부부
혼인을 계획 중 (입주 전까지 혼인사실 증명)
한부모가족
6세 이하 자녀(태아 포함) 부양
고령자
65세 이상
평균소득의 100% 이하(1인 120%, 2인 110%)
33,700
3,803
-
주거급여수급자
주거급여법 제2조제2호·제3호에 따른 수급권자 또는 수급자
-
-
-
-
자산기준
총자산·부동산·자동차 기준액
자산기준
구분
자산요건
자동차
신혼부부
총 자산가액 합산기준 3.37억원
3,803만원 이하
청년
총 자산가액 합산기준 2.54억원
3,803만원 이하
대학생
총 자산가액 합산기준 1.04억원
미소유",,"[행복주택]

대학생, 사회초년생, 신혼부부 등 젊은 계층의 거주비와 사회적 비용 절감으로 거주 불안을 해소할 수 있도록 대중교통이 편리하고, 직장(학교)와 집 간의 거리가가까운 부지를 활용해 저렴하게 공급합니다.

* 지원 대상
정의
소득
주택청약종합저축
대학생

* 지원 자격
정의
소득
주택청약종합저축
대학생
(미혼)

신청 방법
현장접수 : 사업주체가 지정한 장소에서 신청서 작성 및 관련서류 제출
인터넷 접수 : SH서울주택도시개발공사 인터넷청약시스템(
www.i-sh.co.kr/app
)
1. 입주자 모집공고
2. 청약신청 접수",2026-02-25T14:19:05.059592+00:00
3,장기전세 주택,"무주택 서울시민의 주거안정을 위해 전세보증금을 주변시세의 80퍼센트 이하로 공급하고, 최장 20년까지 이사 걱정없이 분양전환되지 않는 공공임대주택입니다.","무주택 서울시민의 주거안정을 위해 전세보증금을 주변시세의 80퍼센트 이하로 공급하고, 최장 20년까지 이사 걱정없이 분양전환되지 않는 공공임대주택입니다.

■ 지원 대상
전용면적 50㎡ 미만
건설형
1순위 : 소득 70% 이하인 자이면서, 공급주택 소재 자치구 및 연접자치구 거주자
2순위 : 소득 70% 이하인 자이면서, 공급주택 소재 자치구 및 연접자치구 미거주자
3순위 : 소득 70% 초과~100% 이하인 자이면서, 공급주택 소재 자치구 및 연접자치구 거주자
4순위 : 소득 70% 초과~100% 이하인 자이면서, 공급주택 소재 자치구 및 연접자치구 미거주자
매입형
1순위 : 공급주택 소재 자치구 및 연접자치구 거주자
2순위 : 1순위에 해당되지 않는 자
전용 50㎡ 이상 60㎡ 이하
건설형
1순위 : 소득 70% 이하인 자이면서, 청약저축 가입 2년 경과, 납입인정회차 24회 이상
2순위 : 소득 70% 이하인 자이면서, 청약저축 가입 6개월 경과, 납입인정회차 6회 이상
3순위 : 소득 70% 이하인 자이면서, 청약저축 가입 6개월 미경과, 납입인정회차 6회 미만(미가입자 포함)
4순위 : 소득 70% 초과~100% 이하인 자이면서, 청약저축 가입 2년 경과, 납입인정회차 24회 이상
5순위 : 소득 70% 초과~100% 이하인 자이면서, 청약저축 가입 6개월 경과, 납입인정회차 6회 이상
6순위 : 소득 70% 초과~100% 이하인 자이면서, 청약저축 가입 6개월 미경과, 납입인정회차 6회 미만(미가입자 포함)
매입형
1순위 : 청약저축 가입 2년 경과, 납입인정회차 24회 이상
2순위 : 청약저축 가입 6개월 경과, 납입인정회차 6회 이상
3순위 : 소득 70% 이하인 자이면서, 청약저축 가입 6개월 미경과, 납입인정회차 6회 미만(미가입자 포함)
전용 60㎡ 이상 85㎡ 이하
1순위 : 청약저축 가입 2년 경과, 납입인정회차 24회 이상
2순위 : 청약저축 가입 6개월 경과, 납입인정회차 6회 이상
3순위 : 1, 2순위에 해당되지 않는 자
전용면적 85㎡ 초과
1순위 : 주택청약종합저축(청약예금)에 가입하여 1년(강남, 서초, 송파구 주택 신청자는 2년)이 경과한 사람으로서, 청약예치금액 이상인 사람
2순위 : 1순위에 해당하지 않는 사람
소득 및 자산보유 기준 (2025년 적용기준)
소득 및 자산보유 기준 (2025년 적용기준)
가구원수
가구원수별 가구당 월평균소득의 70%
가구원수별 가구당 월평균소득의 100%
가구원수별 가구당 월평균소득의 120%
가구원수별 가구당 월평균소득의 150%
1인가구
2,518,715원
3,598,164원
4,317,797원
5,397,246원
2인가구
3,833,902원
5,477,003원
6,572,404원
8,215,505원
3인가구
5,338,881원
7,626,973원
9,152,368원
11,440,460원
4인가구
6,004,662원
8,578,088원
10,293,706원
12,867,132원
5인가구
6,321,734원
9,031,048원
10,837,258원
13,546,572원
6인가구
6,813,160원
9,733,086원
11,679,703원
14,599,629원
7인가구
7,304,587원
10,435,124원
12,522,149원
15,652,686원
공급유형
전년도 도시근로자 가구당 월평균소득 기준
60㎡ 이하
「전년도 도시근로자 가구원 수별 가구당 월평균소득」 100% 이하(단, 건설형은 월평균소득 70% 이하인 자에게 우선공급)
85㎡ 이하
전년도 도시근로자 가구원 수별 가구당 월평균소득 120% 이하
85㎡ 초과
전년도 도시근로자 가구원 수별 가구당 월평균소득 150% 이하
자산기준
부동산 및 자동차 기준
자산기준 : 부동산 및 자동차 기준
부동산
자동차
21,550만원 이하(금융자산 불포함)
차량가액 3,803만원 이하",,"[장기전세 주택]

무주택 서울시민의 주거안정을 위해 전세보증금을 주변시세의 80퍼센트 이하로 공급하고, 최장 20년까지 이사 걱정없이 분양전환되지 않는 공공임대주택입니다.

* 지원 대상
건설형
매입형
1순위 : 공급주택 소재 자치구 및 연접자치구 거주자
2순위 : 1순위에 해당되지 않는 자

* 지원 자격
건설형
매입형
1순위 : 공급주택 소재 자치구 및 연접자치구 거주자
2순위 : 1순위에 해당되지 않는 자
1순위 : 청약저축 가입 2년 경과, 납입인정회차 24회 이상

신청 방법
현장접수 : 사업주체가 지정한 장소에서 신청서 작성 및 관련서류 제출
인터넷 접수 : SH서울주택도시개발공사 인터넷청약시스템(
www.i-sh.co.kr/app
)
1. 입주자 모집공고
2. 청약신청 접수",2026-02-25T14:19:05.059592+00:00
4,도시형생활주택,"늘어나는 1~2인 가구와 서민의 주거 안정을 위해 '국토의 계획 및 이용에 관한 법률'에 따라 300세대 미만의 국민주택 규모로 단지형 연립주택, 단지형 다세대주택, 원룸형을 지원합니다.","늘어나는 1~2인 가구와 서민의 주거 안정을 위해 '국토의 계획 및 이용에 관한 법률'에 따라 300세대 미만의 국민주택 규모로 단지형 연립주택, 단지형 다세대주택, 원룸형을 지원합니다.

■ 지원 대상
일반공급
특별공급
주거약자용 주택
해당 세대(무주택 세대구성원 전원)의 월평균소득액의 합이 도시근로자 가구당 월평균소득의 50% 이하인 무주택 구성원에게 먼저 공급하고 남은 주택 있는 경우 70% 이하인 자에게 공급
중소제조업체 청년근로자 : 입주자 모집공고일 현재 만 19세이상 만40세 미만의 중소제조업체 청소년근로자(임원 제외)로서 중소제조업체에 6개월 이상 근무한 자
기초생활수급자 : 국민기초생활보장법 제7조 제1항 제1호의 규정에 따른 수급자
대학생 : 입주자 모집공고일 현재 서울시 소재 대학교(전문대 포함)에 재학 중인 학생, 복학예정자 및 입학예정자 중 1~6순위 중 하나에 해당하는 자 (입주자모집 공고문 참고)
해당 세대(무주택 세대구성원 전원)의 월평균소득 액의 합이 도시근로자 가구당 월평균소득의 50% 이하인 무주택 구성원에게 먼저 공급하고 남은 주택 있는 경우 70% 이하인 자에게 공급
고령자(만 65세 이상), 장애인, 국가유공자 중 상이 1~7급자, 보훈보상대상자 중 상이 1~7급, 5.18 민주화운동부상자 중 신체장해등급 1~14급자, 고엽제후유증 환자 중 경도장애 이상의 장애등급
전년도 도시근로자 가구당 월평균소득 (2025년 적용기준)
전년도 도시근로자 가구당 월평균소득 (2025년 적용기준)
가구원수
가구원수별 가구당 월평균소득의 50%
가구원수별 가구당 월평균소득의 70%
1인가구
1,799,082원
2,518,715원
2인가구
2,738,502원
3,833,902원
3인가구
3,813,487원
5,338,881원
4인가구
4,289,044원
6,004,662원
5인가구
4,515,524원
6,321,734원
6인가구
4,866,543원
6,813,160원
7인가구
5,217,562원
7,304,587원",,"[도시형생활주택]

지원 대상

* 지원 대상
일반공급
특별공급
주거약자용 주택
중소제조업체 청년근로자 : 입주자 모집공고일 현재 만 19세이상 만40세 미만의 중소제조업체 청소년근로자(임원 제외)로서 중소제조업체에 6개월 이상 근무한 자

* 지원 자격
일반공급
특별공급
주거약자용 주택
중소제조업체 청년근로자 : 입주자 모집공고일 현재 만 19세이상 만40세 미만의 중소제조업체 청소년근로자(임원 제외)로서 중소제조업체에 6개월 이상 근무한 자
기초생활수급자 : 국민기초생활보장법 제7조 제1항 제1호의 규정에 따른 수급자

신청 방법
현장접수 : 사업주체가 지정한 장소에서 신청서 작성 및 관련서류 제출
인터넷 접수 : SH서울주택도시개발공사 인터넷 청약시스템(
www.i-sh.co.kr/app
)
신청준비물 : 공급신청자의 가족관계증명서 1통, 개인정보수집ㆍ처리 및 제3자 제공동의서(서류심사용)
가점대상자 준비서류는 해당 입주자 모집공고문 참고",2026-02-25T14:19:05.059592+00:00
5,신축주택 매입임대주택,"서울시에서 생활하는 저소득층, 저소득 청년층 및 신혼부부의 주거안정을 위해 중앙정부·서울시·서울주택도시공사의 재정과 주택도시기금을 지원받아 서울주택도시공사에서 주택을 매입하여 현 생활권에서 최장 20년까지 거주할 수 있도록 주변시세보다 저렴하게 공급하는 공공임대주택입니다.","서울시에서 생활하는 저소득층, 저소득 청년층 및 신혼부부의 주거안정을 위해 중앙정부·서울시·서울주택도시공사의 재정과 주택도시기금을 지원받아 서울주택도시공사에서 주택을 매입하여 현 생활권에서 최장 20년까지 거주할 수 있도록 주변시세보다 저렴하게 공급하는 공공임대주택입니다.",,"[신축주택 매입임대주택]

서울시에서 생활하는 저소득층, 저소득 청년층 및 신혼부부의 주거안정을 위해 중앙정부·서울시·서울주택도시공사의 재정과 주택도시기금을 지원받아 서울주택도시공사에서 주택을 매입하여 현 생활권에서 최장 20년까지 거주할 수 있도록 주변시세보다 저렴하게 공급하는 공공임대주택입니다.",2026-02-25T14:19:05.059592+00:00
6,기존주택 전세임대주택,"보증금이 부족한 최저주거취약계층을 위해 서울주택도시공사, 한국토지공사가 최대 1억 2천만원까지 전세자금을 지원하고, 전세계약을 체결 후 최장 20년까지 지원하는 임대주택입니다.","보증금이 부족한 최저주거취약계층을 위해 서울주택도시공사, 한국토지공사가 최대 1억 2천만원까지 전세자금을 지원하고, 전세계약을 체결 후 최장 20년까지 지원하는 임대주택입니다.

■ 지원 대상
- 기존주택 유형
기존주택 유형에 관한 표. 1순위 2순위로 구성
1순위
생계 · 의료 수급자, 한부모가족, 주거지원 시급가구, 가구당 월평균소득 70% 이하 장애인, 고령자
2순위
가구당 월평균소득 50% 이하, 가구당 월평균소득 100% 이하 장애인
- 신혼·신생아Ⅰ·Ⅱ 유형 (※ 자녀는 태아를 포함하여 미성년자로 한정하되, 임신·입양의 경우도 포함)
신혼·신생아 유형에 관한 표. 신혼부부1, 신혼부부2 유형으로 구성
신혼·신생아Ⅰ
전년도 도시근로자 가구당 월평균소득의 70%(배우자가 소득이 있는 경우 90%)이하이며 국민임대주택의 자산기준을 충족하는 신혼부부, 예비신혼부부, 한부모가족, 유자녀 혼인가구
신혼·신생아Ⅱ
전년도 도시근로자 가구당 월평균소득의 100%(배우자가 소득이 있는 경우 120%)이하이며 행복주택 입주자격 중 신혼부부의 자산기준을 충족하는 신혼부부, 예비신혼부부, 한부모가족, 유자녀 혼인가구
신혼·신생아 유형별 순위구분표. 1순위, 2순위, 3순위, 4순위로 구성
1순위
공고일 기준 2년 이내 출생한 자녀가 있거나, 2년 이내 출생한 입양자녀가 있는 신생아가구, 한부모가족
2순위
공고일 기준 미성년자녀가 있는 신혼부부, 예비신혼부부, 만 6세 이하 자녀가 있는 한부모가족
3순위
공고일 기준 자녀가 없는 신혼부부, 예비신혼부부
4순위
공고일 기준 만 6세 이하 자녀가 있는 혼인가구(혼인기간 무관)
소득 및 자산 보유기준
- 소득 : 전년도 도시근로자 가구당 월평균 소득(2025년 적용기준)
전년도 도시근로자 가구당 월평균 소득에 관한 표
구분
50%
70%
100%
1인가구
1,799,082원
2,518,715원
3,598,164원
2인가구
2,738,502원
3,833,902원
5,477,003원
3인가구
3,813,487원
5,338,881원
7,626,973원
4인가구
4,289,044원
6,004,662원
8,578,088원
5인가구
4,515,524원
6,321,734원
9,031,048원
6인가구
4,866,543원
6,813,160원
9,733,086원
7인가구
5,217,562원
7,304,587원
10,435,124원
- 자산
자산 보유기준표. 총자산(기존주택, 신혼부부), 자동차로 구성
총자산
기존주택
세대구성원 전원이 보유하고 있는 총자산가액 합산기준 2억 3,700만원 이하
신혼부부
세대구성원 전원이 보유하고 있는 총자산가액 합산기준 3억 3,700만원 이하
자동차
세대구성원 전원이 보유하고 있는 개별 자동차가액 3,803만원 이하(2025년도 기준)
공급 세부절차
신청장소 : 신청자의 주민등록표등본상 거주지 관할 주민센터
접수시 구비서류 : 신분증(주민등록증, 운전면허증, 여권만 인정), 도장
신청접수
주민센터 방문접수
입주자격 검증·조사
관할 구청
최종 대상자 발표
LH,SH공사 홈페이지
입주희망 주택 물색
입주 대상자
주택심사(권리분석)
대행 법무법인
계약체결
공사, 임대인, 입주자
입주",,"[기존주택 전세임대주택]

보증금이 부족한 최저주거취약계층을 위해 서울주택도시공사, 한국토지공사가 최대 1억 2천만원까지 전세자금을 지원하고, 전세계약을 체결 후 최장 20년까지 지원하는 임대주택입니다.

* 지원 대상
기존주택 유형
기존주택 유형에 관한 표. 1순위 2순위로 구성
1순위
2순위

* 지원 자격
기존주택 유형
기존주택 유형에 관한 표. 1순위 2순위로 구성
1순위
2순위
신혼·신생아Ⅰ·Ⅱ 유형 (※ 자녀는 태아를 포함하여 미성년자로 한정하되, 임신·입양의 경우도 포함)",2026-02-25T14:19:05.059592+00:00
7,보증금지원형 장기안심주택,"무이자로 보증금지원을 원하는 세입자를 위해 전세보증금의 30%(최대 4,500만원까지)를 서울시에서 무이자로 최장 10년까지 지원하는 임대주택입니다.","무이자로 보증금지원을 원하는 세입자를 위해 전세보증금의 30%(최대 4,500만원까지)를 서울시에서 무이자로 최장 10년까지 지원하는 임대주택입니다.

■ 지원 대상
일반공급 신청자격 : 입주자 모집공고일 기준 서울특별시에 주민등록이 등재된 무주택세대구성원으로서 아래의 신청요건에 모두 해당하는 자
① 해당세대의 월평균 소득이 전년도 도시근로자 가구원수별 가구당 월평균소득의 100% 이하일 것
(1인 가구는 20%P, 2인 가구는 10%P 가산함)
② 해당세대가 보유하고 있는 모든 부동산(토지, 건축물) 가액 합산기준 21,550만원 이하이고, 보유하고 있는 자동차가액이 현재가치 기준 3,803만원 이하일 것
특별공급 신청자격(신혼부부/세대통합) : 입주자 모집공고일 기준 서울특별시에 주민등록이 등재된 무주택세대구성원으로서 아래의 신청요건에 모두 해당하는 자
① 아래의 신혼부부/세대통합형 신청자격을 가진 자
② 해당세대의 월평균 소득이 전년도 도시근로자 가구원수별 가구당 월평균소득의 120% 이하일 것
(1인 가구는 20%P, 2인 가구는 10%P 가산함)
③ 해당세대가 보유하고 있는 모든 부동산(토지, 건축물) 가액 합산기준 21,550만원 이하이고, 보유하고 있는 자동차가액이 현재가치 기준 3,803만원 이하일 것
* 신혼부부 신청자격
1순위 : 혼인기간이 7년 이내이고, 그 기간에 임신 중이거나 출산(임신 중이거나 입양한 자 포함)하여 자녀가 있는 자
2순위 : 혼인기간이 7년 이내인 자
* 세대통합형 신청자격
1순위 : 만65세 이상의 직계존속(배우자의 직계존속 포함)을 3년 이상 계속하여 부양하고 있고 자녀가 있는 자 (임신 중 또는 입양 포함)
2순위 : 만65세 이상의 직계존속(배우자의 직계존속 포함)을 3년 이상 계속하여 부양하고 있는 자
가구원수
구분
1인가구
2인가구
3인가구
4인가구
5인가구
6인가구
100%
3,598,164원
5,477,003원
7,626,973원
8,578,088원
9,031,048원
9,733,086원
120%
4,317,797원
6,572,404원
9,152,368원
10,293,706원
10,837,258원
11,679,703원
＊ 가구원수는 무주택세대구성원 전원을 포함하여 산정하며, 태아(수)를 가구원수에 포함하여 산정하되 태아수 확인이 불가능한 경우 1인으로 산정함.

■ 지원 내용
전세보증금의 30% (최대 6천만원)
기본보증금의 30% (최대 6천만원)
※ 1억 5천만원 이하 보증금은 50% 지원 (단, 최대 4천5백만원 까지)
※ 전세전환보증금 = 월세금액 x 12 / 전환율 4%
※ 연장계약(재계약)시 전환율은 변경될 수 있음
임대인 중개수수료 지원 : 주택 물색 시 공인중개사에게 의뢰 · 중개받을 경우, 임대인(주택소유자)이 지급해야 할 중개수수료는 서울시 재원으로 전액 지원
※ 기존 거주 주택에서 계약 시 임대인 중개수수료 지원 불가",,"[보증금지원형 장기안심주택]

연장계약(재계약)시 전환율은 변경될 수 있음

* 지원 대상
일반공급 신청자격 : 입주자 모집공고일 기준 서울특별시에 주민등록이 등재된 무주택세대구성원으로서 아래의 신청요건에 모두 해당하는 자
특별공급 신청자격(신혼부부/세대통합) : 입주자 모집공고일 기준 서울특별시에 주민등록이 등재된 무주택세대구성원으로서 아래의 신청요건에 모두 해당하는 자
① 아래의 신혼부부/세대통합형 신청자격을 가진 자
신혼부부 신청자격

* 지원 자격
일반공급 신청자격 : 입주자 모집공고일 기준 서울특별시에 주민등록이 등재된 무주택세대구성원으로서 아래의 신청요건에 모두 해당하는 자
특별공급 신청자격(신혼부부/세대통합) : 입주자 모집공고일 기준 서울특별시에 주민등록이 등재된 무주택세대구성원으로서 아래의 신청요건에 모두 해당하는 자
① 아래의 신혼부부/세대통합형 신청자격을 가진 자
신혼부부 신청자격
1순위 : 혼인기간이 7년 이내이고, 그 기간에 임신 중이거나 출산(임신 중이거나 입양한 자 포함)하여 자녀가 있는 자

* 지원 내용
연장계약(재계약)시 전환율은 변경될 수 있음
임대인 중개수수료 지원 : 주택 물색 시 공인중개사에게 의뢰 · 중개받을 경우, 임대인(주택소유자)이 지급해야 할 중개수수료는 서울시 재원으로 전액 지원
기존 거주 주택에서 계약 시 임대인 중개수수료 지원 불가

신청 방법
인터넷 신청 : 청약신청 접수 기간 내에 서울주택도시개발공사 인터넷 홈페이지에 접속하여 인터넷 청약
1. 인터넷 청약 신청
2. 서류제출 및 심사
3. 소명대상자 발표, 소명
서류접수 및 심사
4. 입주대상자 발표",2026-02-25T14:19:05.059592+00:00
8,공공임대주택,"내 집 없는 무주택자를 위해 가구당 소득수준, 재산규모에 따라 다양한 공공임대주택을 지원하는 사업입니다.","내 집 없는 무주택자를 위해 가구당 소득수준, 재산규모에 따라 다양한 공공임대주택을 지원하는 사업입니다.

■ 지원 대상
입주자 모집공고일 현재 서울특별시에 거주하는 무주택구성원으로서 소득 및 자산보유 기준에 해당하는 사람. 1세대 1주택만 신청가능
무주택세대구성원 : 다음 전원(이하 무주택세대구성원)이 주택(분양권등 포함)을 소유하고 있지 아니한 세대의 구성원을 말합니다.
* 세대구성원(자격검증대상)
공공임대주택 세대구성원 자격 검증 대상
세대구성원(자격검증대상)
비고
신청자
신청자의 배우자
신청자와 주민등록 상 세대 분리되어 있는 배우자(이하 '분리배우자') 포함
신청자의 직계존속/
신청자의 배우자의 직계존속
신청자와 세대별 주민등록표상에 함께 등재되어 있는 사람 및 신청자의 분리배우자와 세대별 주민등록표상에 함께 등재되어 있는 사람에 한함
신청자의 직계비속/
신청자의 직계비속의 배우자
신청자의 배우자의 직계비속
신청자와 세대별 주민등록표상에 함께 등재되어 있는 사람에 한함
※ 「민법」상 미성년자(만 19세 미만)는 공급 신청할 수 없습니다. 단, 아래의 어느 하나에 해당하는 경우에는 미성년자도 공급신청 가능합니다(법정대리인의 동의 또는 대리 필요).
자녀가 있는 미성년 세대주
직계존속의 사망, 실종선고, 행방불명 등으로 형제자매를 부양하여야 하는 미성년 세대주
부 또는 모가 외국인인 한부모가족으로서 미성년 자녀(내국인)가 세대주인 경우
※ 외국인은 신청 할 수 없습니다.
※ 일반공급 자격 해당여부 및 배점적용은 공급신청자 본인을 기준으로 합니다.
※ 주택소유여부, 소득자산 산정, 중복신청 및 중복입주 확인은 무주택세대구성원 전원(해당세대)을 대상으로 합니다.
※ 1세대 1주택 신청·공급원칙에 따라 임대주택에 거주중인 해당세대 중 일부가 공급신청 시에는 입주 전 세대 분리하여야 합니다.
(단위:원)
공공임대 주택 가구소득 기준
가구원수
50%
70%
100%
120%
150%
1인가구
1,799,082원
2,518,715원
3,598,164원
4,317,797원
5,397,246원
2인가구
2,738,502원
3,833,902원
5,477,003원
6,572,404원
8,215,505원
3인가구
3,813,487원
5,338,881원
7,626,973원
9,152,368원
11,440,460원
4인가구
4,289,044원
6,004,662원
8,578,088원
10,293,706원
12,867,132원
5인가구
4,515,524원
6,321,734원
9,031,048원
10,837,258원
13,546,572원
6인가구
4,866,543원
6,813,160원
9,733,086원
11,679,703원
14,599,629원
* 산정기준: 가구소득은 통계청에서 발표하는 분기별 가계소득동향 합계의 산술평균임
※ 6인 이상의 가구는 5인 가구 기준소득금액에 추가 1인당 평균금액을 합산하여 산정 - 1인당 평균금액 = (5인가구 월평균소득 - 3인가구 월평균소득) / 2
공공임대주택 자산기준
총자산·부동산·자동차 기준액
자산기준
구분
영구, 기존주택매입,전세임대(청년전세임대 포함)
신혼부부 Ⅰ,Ⅱ 매입,전세임대(청년매입임대 2순위)
국민·행복주택(신혼부부, 고령자),재개발임대
공공,주거환경임대
장기전세
행복주택(대학생, 청년, 신혼부부,고령자),청년매입임대 3순위
총자산 및 부동산
총자산 237,000,000원 이하
총자산 337,000,000원 이하
총자산 337,000,000원 이하
부동산(토지 및 건축물) 가액 합산 215,500,000원 이하
부동산(토지및 건축물) 가액 합산 215,500,000원 이하
- 총자산 104,000,000원 이하(대학생)
- 총자산 254,000,000원 이하(청년, 사회초년생)
- 총자산 337,000,000원 이하(신혼부부, 고령자)
자동차기준액
38,030,000원 이하 (공동자격 기준 적용)
- 자동차 소유하고 있지 않을 것(대학생)",,"[공공임대주택]

내 집 없는 무주택자를 위해 가구당 소득수준, 재산규모에 따라 다양한 공공임대주택을 지원하는 사업입니다.

* 지원 대상
입주자 모집공고일 현재 서울특별시에 거주하는 무주택구성원으로서 소득 및 자산보유 기준에 해당하는 사람. 1세대 1주택만 신청가능
무주택세대구성원 : 다음 전원(이하 무주택세대구성원)이 주택(분양권등 포함)을 소유하고 있지 아니한 세대의 구성원을 말합니다.
세대구성원(자격검증대상)
공공임대주택 세대구성원 자격 검증 대상

* 지원 자격
입주자 모집공고일 현재 서울특별시에 거주하는 무주택구성원으로서 소득 및 자산보유 기준에 해당하는 사람. 1세대 1주택만 신청가능
무주택세대구성원 : 다음 전원(이하 무주택세대구성원)이 주택(분양권등 포함)을 소유하고 있지 아니한 세대의 구성원을 말합니다.
세대구성원(자격검증대상)
공공임대주택 세대구성원 자격 검증 대상
비고

신청 방법
(1) 영구임대주택
모집공고
SH, LH공사
영구임대 신청
고객→동주민센터 신청자격확인(주민센터 담당자)
인터넷 입력",2026-02-25T14:19:05.059592+00:00
9,신혼부부 임차보증금 이자지원,신혼부부들의 행복한 미래를 위해 더 나은 주거환경과 소득대비 높은 주거비 부담을 완화하기 위해 신혼부부 임차보증금 지원사업을 시행합니다.,신혼부부들의 행복한 미래를 위해 더 나은 주거환경과 소득대비 높은 주거비 부담을 완화하기 위해 신혼부부 임차보증금 지원사업을 시행합니다.,,"[신혼부부 임차보증금 이자지원]

신혼부부들의 행복한 미래를 위해 더 나은 주거환경과 소득대비 높은 주거비 부담을 완화하기 위해 신혼부부 임차보증금 지원사업을 시행합니다.",2026-02-25T14:19:05.059592+00:00
10,신혼부부 임차보증금 반환보증 보증료 지원,신혼부부 임차보증금 이자지원 신규 대출자 대상(’24.7.30. 이후) 임차보증금 미반환 피해를 예방하고자 가입한 임차보증금 반환보증의 보증료를 지원하는 사업입니다.,"신혼부부 임차보증금 이자지원 신규 대출자 대상(’24.7.30. 이후) 임차보증금 미반환 피해를 예방하고자 가입한 임차보증금 반환보증의 보증료를 지원하는 사업입니다.

■ 지원 대상
신혼부부 이자지원 사업 신규 대출자 중
임차보증금 반환보증 가입을 완료한 사람
02

■ 지원 내용
보증료 납부액 (30만원 한도)
03
가입기관
한국주택금융공사(HF)만 가능
04
신청조건
ㆍ ’24.7.30.이후 서울시 신혼부부 임차보증금 신규 대출자에 한함(생애 1회 제한)
ㆍ 대출 신규일(2024.7.30 이후)로부터 90일 이내 보증료 지원 신청하여야 함
ㆍ 등록임대사업자 주택의 임차인 제외(「민간임대주택에 관한 특별법」에 따라 등록임대사업자 보증보험 의무 가입)
05
신청서류
금융거래확인서
임차보증금반환보증서(전세지킴보증서)
임차보증금반환보증 보증료 영수증
대출자 본인명의 통장사본
주민등록등본 및 등기사항전부증명서
서류발급처
금융거래 확인서 :
대출 실행 은행
임차보증금반환보증서 및 임차보증금 반환보증 보증료 영수증 :
대출 실행 은행 직접 방문 수령 또는 한국주택금융공사(HF) 홈페이지에서 발급
주민등록등본 :
동주민센터 또는 정부24 홈페이지
등기사항전부증명서 :
지방법원 등기소 또는 인터넷등기소 홈페이지(일부 동주민센터 발급 가능)
※ 서울시 청년 임차보증금 반환보증 보증료 지원사업 및 자치구 자체 지원사업과 중복 청구 불가
(거주지 자치구에 지원 사실 통보 예정이며 중복 수령시 「보조금 관리에 관한 법률」등에 의거 환수)",,"[신혼부부 임차보증금 반환보증 보증료 지원]

신혼부부 임차보증금 이자지원 신규 대출자 대상(’24.7.30.
이후) 임차보증금 미반환 피해를 예방하고자 가입한 임차보증금 반환보증의 보증료를 지원하는 사업입니다.

* 지원 대상
신혼부부 이자지원 사업 신규 대출자 중
임차보증금 반환보증 가입을 완료한 사람
02

* 지원 자격
신혼부부 이자지원 사업 신규 대출자 중
임차보증금 반환보증 가입을 완료한 사람
02

* 지원 내용
03
가입기관
한국주택금융공사(HF)만 가능
04
신청조건
ㆍ ’24.7.30.이후 서울시 신혼부부 임차보증금 신규 대출자에 한함(생애 1회 제한)",2026-02-25T14:19:05.059592+00:00
11,청년임차보증금 이자지원,목돈 마련이 어려운 근로청년 및 취업준비생의 소득대비 높은 주거비용 부담경감을 위해 임차보증금 대출을 지원 합니다.,목돈 마련이 어려운 근로청년 및 취업준비생의 소득대비 높은 주거비용 부담경감을 위해 임차보증금 대출을 지원 합니다.,,"[청년임차보증금 이자지원]

목돈 마련이 어려운 근로청년 및 취업준비생의 소득대비 높은 주거비용 부담경감을 위해 임차보증금 대출을 지원 합니다.",2026-02-25T14:19:05.059592+00:00
12,공동체 주택,"독립된 공동체공간(커뮤니티 공간)을 설치한 주거공간으로, 공동체 규약을 마련하여 입주자간 소통·교류를 통해 생활 문제를 해결하거나 공동체활동을 함께하는 새로운 형태의 주택입니다.","독립된 공동체공간(커뮤니티 공간)을 설치한 주거공간으로, 공동체 규약을 마련하여 입주자간 소통·교류를 통해 생활 문제를 해결하거나 공동체활동을 함께하는 새로운 형태의 주택입니다.",,"[공동체 주택]

독립된 공동체공간(커뮤니티 공간)을 설치한 주거공간으로, 공동체 규약을 마련하여 입주자간 소통·교류를 통해 생활 문제를 해결하거나 공동체활동을 함께하는 새로운 형태의 주택입니다.",2026-02-25T14:19:05.059592+00:00
13,1인창조기업인 원룸 주택,독립적 사무공간을 확보하지 못한 1인 창조기업인을 위해 원룸형 공공임대주택을 최소비용으로 공급해 기업의 성장기반을 일구고 창업에 성공할 수 있도록 든든하게 지원합니다.,"독립적 사무공간을 확보하지 못한 1인 창조기업인을 위해 원룸형 공공임대주택을 최소비용으로 공급해 기업의 성장기반을 일구고 창업에 성공할 수 있도록 든든하게 지원합니다.

■ 지원 대상
입주자 모집공고일 기준 서울시에 거주하는 1인 무주택세대구성원으로서 SH서울주택도시개발공사의 공고문에 명시된 소득 및 자산보유 기준에 해당하는 1인 창조기업인, 예비창업인, (예비)사회적기업인, 마을기업인
전년도 도시근로자 가구당 월평균소득의 50% 이하 (2025년 적용기준)
전년도 도시근로자 가구당 월평균소득의 50% 이하 (2025년 적용기준)
가구원수
도시근로자 가구당 월평균소득 50%
도시근로자 가구당 월평균소득 70%
1인가구
1,799,082원
2,518,715원
자산기준
총자산·자동차 기준액
자산기준
구분
자산
총자산
237,000,000원 이하
자동차 기준액
38,030,000원 이하",,"[1인창조기업인 원룸 주택]

독립적 사무공간을 확보하지 못한 1인 창조기업인을 위해 원룸형 공공임대주택을 최소비용으로 공급해 기업의 성장기반을 일구고 창업에 성공할 수 있도록 든든하게 지원합니다.

* 지원 대상
입주자 모집공고일 기준 서울시에 거주하는 1인 무주택세대구성원으로서 SH서울주택도시개발공사의 공고문에 명시된 소득 및 자산보유 기준에 해당하는 1인 창조기업인, 예비창업인, (예비)사회적기업인, 마을기업인
가구원수
1인가구
자산기준

* 지원 자격
입주자 모집공고일 기준 서울시에 거주하는 1인 무주택세대구성원으로서 SH서울주택도시개발공사의 공고문에 명시된 소득 및 자산보유 기준에 해당하는 1인 창조기업인, 예비창업인, (예비)사회적기업인, 마을기업인
가구원수
1인가구
자산기준
구분

신청 방법
인터넷 접수 : 서울주택도시개발공사 홈페이지 인터넷 청약시스템(
www.i-sh.co.kr/app
)
신청준비물 : 입주신청서, 사업계획서, 1인 창조기업 증빙서류(사업자등록증, 건강보험 자격득실확인서), 각종 인증 및 지적재산권 확인서, 주민등록등본
1. 입주자 모집공고
2. 청약신청 접수",2026-02-25T14:19:05.059592+00:00
14,예술인 협동조합주택,문화예술 활동을 공동의 목적으로 하는 입주자들을 위해 공공임대주택을 최소비용으로 공급해 예술인들의 성장기반을 일구고 창업에 성공할 수 있도록 든든하게 지원합니다.,문화예술 활동을 공동의 목적으로 하는 입주자들을 위해 공공임대주택을 최소비용으로 공급해 예술인들의 성장기반을 일구고 창업에 성공할 수 있도록 든든하게 지원합니다.,,"[예술인 협동조합주택]

문화예술 활동을 공동의 목적으로 하는 입주자들을 위해 공공임대주택을 최소비용으로 공급해 예술인들의 성장기반을 일구고 창업에 성공할 수 있도록 든든하게 지원합니다.

신청 방법
인터넷 접수 : SH서울주택도시개발공사 홈페이지 (
www.i-sh.co.kr
)",2026-02-25T14:19:05.059592+00:00
15,육아협동조합주택,공동의 육아를 목적으로 하는 입주자를 위해 육아 전용 협동조합형 임대주택으로 조합원의 주거커뮤니티를 강조하는 임대주택입니다.,"공동의 육아를 목적으로 하는 입주자를 위해 육아 전용 협동조합형 임대주택으로 조합원의 주거커뮤니티를 강조하는 임대주택입니다.

■ 지원 대상
조합원 모집공고일 현재 서울특별시에 거주하고 무주택세대구성원이고 만7세 미만 양육자녀를 둔 자로서 전년도 도시근로자 월평균소득 100% 이하인자(단 맞벌이 가구의 경우 110% 이하 적용), 협동조합형 임대주택의 조합원으로서 의무이행에 동의하는 자
전년도 도시근로자 가구당 월평균소득의 100% 이하 (2025년 적용기준)
전년도 도시근로자 가구당 월평균소득의 100% 이하 (2025년 적용기준)
가구원수
가구원수별 가구당 월평균소득의 100%
1인가구
3,598,164원
2인가구
5,477,003원
3인가구
7,626,973원
4인가구
8,578,088원
5인가구
9,031,048원
6인가구
9,733,086원
7인가구
10,435,124원
8인가구
11,137,162원
자산기준
총자산·자동차 기준액
자산기준
구분
자산
총자산
215,500,000원 이하
자동차 기준액
38,030,000원 이하",,"[육아협동조합주택]

공동의 육아를 목적으로 하는 입주자를 위해 육아 전용 협동조합형 임대주택으로 조합원의 주거커뮤니티를 강조하는 임대주택입니다.

* 지원 대상
가구원수
1인가구
2인가구
3인가구

* 지원 자격
가구원수
1인가구
2인가구
3인가구
4인가구

신청 방법
인터넷 접수 : SH서울주택도시공사 인터넷 청약시스템(
www.i-sh.co.kr/app
)",2026-02-25T14:19:05.059592+00:00
16,청년협동조합주택,"자립기반이 취약한 청년을 위해 제공되는 공공주택으로 만19세 ~ 만35세 이하인 청년, 1인 직장인 및 입주자모집공고 연도의 대학교 졸업예정자를 대상으로 공급하는 공공주택입니다.","자립기반이 취약한 청년을 위해 제공되는 공공주택으로 만19세 ~ 만35세 이하인 청년, 1인 직장인 및 입주자모집공고 연도의 대학교 졸업예정자를 대상으로 공급하는 공공주택입니다.

■ 지원 대상
1순위
2순위
가구당 도시근로자 월평균소득 50% 이하
가구당 도시근로자 월평균소득 70% 이하
전년도 도시근로자 가구당 월평균소득 (2025년 적용기준)
전년도 도시근로자 가구당 월평균소득 (2025년 적용기준)
가구원수
전년도 도시근로자 월평균소득 50%
전년도 도시근로자 월평균소득 70%
1인가구
1,799,082원
2,518,715원
2인가구
2,738,502원
3,833,902원
3인가구
3,813,487원
5,338,881원
4인가구
4,289,044원
6,004,662원
5인가구
4,515,524원
6,321,734원
6인가구
4,866,543원
6,813,160원
7인가구
5,217,562원
7,304,587원
8인가구
5,568,581원
7,796,013원
자산기준
총자산·자동차 기준액
자산기준
구분
자산
총자산
337,000,000원 이하(조합별 상이)
자동차 기준액
38,030,000원 이하",,"[청년협동조합주택]

자립기반이 취약한 청년을 위해 제공되는 공공주택으로 만19세 ~ 만35세 이하인 청년, 1인 직장인 및 입주자모집공고 연도의 대학교 졸업예정자를 대상으로 공급하는 공공주택입니다.

* 지원 대상
1순위
2순위
전년도 도시근로자 가구당 월평균소득 (2025년 적용기준)
가구원수

* 지원 자격
1순위
2순위
전년도 도시근로자 가구당 월평균소득 (2025년 적용기준)
가구원수
1인가구

신청 방법
인터넷 접수 : SH서울주택도시개발공사 인터넷 청약시스템(
www.i-sh.co.kr/app
)",2026-02-25T14:19:05.059592+00:00
17,희망하우징,저렴한 임대료를 선호하는 서울소재 대학생을 위해 서울주택도시공사에서 건설한 공공기숙사를 임대보증금 100만원으로 저렴하게 공급하는 대학생 전용 임대주택입니다.,저렴한 임대료를 선호하는 서울소재 대학생을 위해 서울주택도시공사에서 건설한 공공기숙사를 임대보증금 100만원으로 저렴하게 공급하는 대학생 전용 임대주택입니다.,,"[희망하우징]

신청 방법
방문접수 및 등기우편 접수
인터넷 접수(신규공급일 경우만) : SH서울주택도시개발공사 인터넷 청약시스템
(www.i-sh.co.kr/app
)
신청준비물 : 희망하우징 신청서, 신분증 사본, 주민등록등본(본인 - 단 부모와 주소 분리 시 부모님 등본 추가 첨부),
가족관계증명서(부모 - 단 본인이 수급자인 경우 제외) , 대학교 합격통지서, 재학증명서",2026-02-25T14:19:05.059592+00:00
18,청년안심주택,청년의 주거안정을 위해 통학 및 출근이 용이한 역세권에 청년 임대주택을 공급하는 사업입니다.,"청년의 주거안정을 위해 통학 및 출근이 용이한 역세권에 청년 임대주택을 공급하는 사업입니다.

■ 지원 대상
1순위
· 신생아 가구
· 보호대상 한부모가족
2순위
· 임신 중이거나 출산, 입양으로 자녀가 있는 (예비)신혼부부
· 1순위에 해당하지 아니하는 6세 이하 자녀를 둔 한부모 가족
3순위
· 자녀가 없는 (예비)신혼부부
4순위
· 1순위, 2순위에 해당하지 아니하는 사람 중 6세 이하 자녀가 있는 혼인가구
임 대 료
소득기준 50%이하 : 시중시세 30%
소득기준 70%이하 : 시중시세 50%
소득기준 90%이하 : (배우자소득 있는 경우) 시중시세 50%
거주기간
· 신혼부부 Ⅰ : 2년, 재계약 최대 9회 가능 (입주자격 충족시 최장 20년 거주)
2) 공공지원민간임대주택
공공지원민간임대주택 소득 및 자산 기준 - 특별공급, 일반공급, 공통으로 구성
특별공급
소득기준
지역기준
1순위
기준소득 100%이하
(1인가구 기준 3,598,164원)
해당 공급 대상 주택 소재지
(거주, 대학, 직장 소재지 포함)
2순위
기준소득 110%이하
(1인가구 기준 3,957,980원)
해당 공급 대상 주택 소재지 외
(서울특별시)
3순위
기준소득 120%이하
(1인가구 기준 4,317,797원)
그외 지역
자산가액: 청년 2억 5,400만원 이하 / 신혼부부 3억 3,700만원 이하
동일 순위 경쟁 시(*소득 순위→지역순위→추첨)
일반공급
소득 및 자산,지역 순위 등을 따지지 않고 무작위 추첨을 통해 선정
공통
자동차가액 3,803만원 이하",,"[청년안심주택]

청년의 주거안정을 위해 통학 및 출근이 용이한 역세권에 청년 임대주택을 공급하는 사업입니다.

* 지원 대상
1순위
신생아 가구
보호대상 한부모가족
2순위

* 지원 자격
1순위
신생아 가구
보호대상 한부모가족
2순위
임신 중이거나 출산, 입양으로 자녀가 있는 (예비)신혼부부

신청 방법
공공임대는 SH홈페이지, 공공지원민간임대는 사업자 홈페이지에서 신청
1. 입주자 모집공고
2. 청약신청 접수
3. 서류심사
대상자 발표
4. 대상자 서류제출",2026-02-25T14:19:05.059592+00:00
19,노장청 쉐어하우스,"해당 지역 대학생의 주거 마련을 위해 대학가나 청년이 많이 사는 곳에 할머니, 할아버지가 남는 방을 학생에게 시세보다 저렴한 값에 방을 빌려주는 것을 말합니다.","해당 지역 대학생의 주거 마련을 위해 대학가나 청년이 많이 사는 곳에 할머니, 할아버지가 남는 방을 학생에게 시세보다 저렴한 값에 방을 빌려주는 것을 말합니다.

■ 지원 대상
어르신
서울시에 거주하는 주택(방1개 이상)을
소유한 60세 어르신
학생
서울시 소재 대학(원) 재학 및 휴학생
02
신청혜택
어르신
- 방 1실당 100만원 이내 환경 개선공사
- 생활상의 필요 활동 분담
학생
- 무보증금
- 학교와 근접한 주거공간
03",,"[노장청 쉐어하우스]

해당 지역 대학생의 주거 마련을 위해 대학가나 청년이 많이 사는 곳에 할머니, 할아버지가 남는 방을 학생에게 시세보다 저렴한 값에 방을 빌려주는 것을 말합니다.

* 지원 대상
어르신
서울시에 거주하는 주택(방1개 이상)을
소유한 60세 어르신
학생

* 지원 자격
어르신
서울시에 거주하는 주택(방1개 이상)을
소유한 60세 어르신
학생
서울시 소재 대학(원) 재학 및 휴학생",2026-02-25T14:19:05.059592+00:00
20,청년전세임대주택,"대학생, 취업준비생의 전세임대를 돕기 위해 입주대상자로 선정된 자(대학생,취업준비생)가 거주할 지역을 물색하면 LH가 주택소유자와 전세계약을 체결한 후 재임대하는 정책입니다.","대학생, 취업준비생의 전세임대를 돕기 위해 입주대상자로 선정된 자(대학생,취업준비생)가 거주할 지역을 물색하면 LH가 주택소유자와 전세계약을 체결한 후 재임대하는 정책입니다.

■ 지원 대상
대학생
신청일 현재 대학에 재학 또는 입학예정인 타 시ㆍ군 출신 대학생
취업 준비생
신청일 현재 대학 또는 「초·중등교육법」에 따른 고등·고등기술학교를 졸업하거나 중퇴한 후 2년 이내인 사람으로서 직장에 재직 중이지 않은 자
대학 졸업예정자 또는 졸업유예자로서 직장에 재직 중이지 않은 자
임대조건
전세금 지원한도액
일반형 (1·2순위 대학생 및 취업준비생)
임대조건
수도권(서울, 경기, 인천)
광역시(세종시 포함)
기타 도(道)지역
120백만원/호
95백만원/호
85백만원/호
쉐어형 (1·2·3순위 대학생)
쉐어형 (1·2·3순위 대학생)
구분
수도권(서울, 경기, 인천)
광역시(세종시 포함)
기타 도(道)지역
2인거주
150백만원/호
120백만원/호
100백만원/호
3인거주
200백만원/호
150백만원/호
120백만원/호
※ 지역별 지원한도액을 초과하는 주택은 초과하는 전세금액을 입주대상자가 부담할 경우 지원가능하며, 전세금 총액은 호당 지원한도액의 150%이내로 제한함
지원가능주택
오피스텔의 경우 바닥난방이 되며, 별도로 취사ㆍ세면시설 및 화장실을 갖추어 주거용 (사실상 사용)으로 이용가능 하여야 함
지원가능주택
대학생
대학소재지역[특별시, 광역시, 세종시, 도(道) 지역] 및 연접 시·군에 소재한 일정 면적 이하 주택으로 ‘전세’ 또는 ‘보증부월세’로계약 가능한 주택
취업준비생
신청지역[특별시, 광역시, 세종시, 도(道) 지역] 내 주택으로 ‘전세’ 또는 ‘보증부월세’로 계약 가능한 주택
단, 부모님 또는 배우자(기혼자에 해당)의 주소지 시·군 제외
보증부월세 전세임대주택의 경우 매월 지급하는 월세는 입주대상자가 직접 임대인에게 지급하여야 하며, 1년치 월세에 해당하는 금액을 계약시 기본보증금 외에 추가부담(전세계약 만료시 반환함)하여야 함
※ 단, 수도권(60만원), 광역시(45만원), 기타지역(40만원) 한도의 보증부월세는 입주대상자가 원할 경우 3개월분 월세에 해당하는 금액만 입주자가 부담하고 9개월치 월세는 임차료 지급보증으로 대체가능함
임대조건
일반형
쉐어형
단독거주
2인 거주
3인 거주
60㎡이하
70㎡ 이하
85㎡ 이하
기본임대조건 및 지원금리
기본임대조건 및 지원금리
구분
보증금
월임대료 (지원금 기준)
4천만원 이하
4천만원 초과~6천만원이하
6천만원 초과
1·2순위
100만원
연 1.0%
연 1.5%
연 2.0%
3순위
200만원
연 2.0%
연 2.5%
연 3.0%
※ 임대기간 최초 계약 2년, 자격요건 충족시 2회 재계약 가능(졸업시 재계약불가)
전년도 도시근로자 가구당 월평균소득 (2025년 적용기준)
전년도 도시근로자 가구당 월평균소득 (2025년 적용기준)
가구원수
가구원수별 가구당 월평균소득의 50%
가구원수별 가구당 월평균소득의 70%
가구원수별 가구당 월평균소득의 100%
1인가구
1,799,082원
2,518,715원
3,598,715원
2인가구
2,738,502원
3,833,902원
5,477,003원
3인가구
3,813,487원
5,338,881원
7,626,973원
4인가구
4,289,044원
6,004,662원
8,578,088원
5인가구
4,515,524원
6,321,734원
9,031,048원
6인가구
4,866,543원
6,813,160원
9,733,086원
7인가구
5,217,562원
7,304,587원
10,435,124원
신청순위
1순위(생계·의료 수급가구, 보호대상 한부모가족, 아동복지시설 퇴소자, 가구당 월평균소득 70%이하 장애인)
2순위(가구당 월평균소득 50% 이하, 가구당 월평균소득 100% 이하 장애인)
3순위(가구당 월평균소득 100% 이하, 가구당 월평균소득 150% 이하 장애인)
* 다만, 월평균소득 이하 가구는 영구임대주택 입주자 보유 자산 기준을 초과하는 경우 입주대상에서 제외
(총자산 19,600만원 자동차 2,499만원)",,"[청년전세임대주택]

대학생, 취업준비생의 전세임대를 돕기 위해 입주대상자로 선정된 자(대학생,취업준비생)가 거주할 지역을 물색하면 LH가 주택소유자와 전세계약을 체결한 후 재임대하는 정책입니다.

* 지원 대상
대학생
신청일 현재 대학에 재학 또는 입학예정인 타 시ㆍ군 출신 대학생
취업 준비생
신청일 현재 대학 또는 「초·중등교육법」에 따른 고등·고등기술학교를 졸업하거나 중퇴한 후 2년 이내인 사람으로서 직장에 재직 중이지 않은 자

* 지원 자격
대학생
신청일 현재 대학에 재학 또는 입학예정인 타 시ㆍ군 출신 대학생
취업 준비생
신청일 현재 대학 또는 「초·중등교육법」에 따른 고등·고등기술학교를 졸업하거나 중퇴한 후 2년 이내인 사람으로서 직장에 재직 중이지 않은 자
대학 졸업예정자 또는 졸업유예자로서 직장에 재직 중이지 않은 자

신청 방법
1. 입주신청
(LH 청약센터)
2. 자격확인
(LH 지역본부)
3. 대상자 발표(LH
청약센터 및 개별안내)",2026-02-25T14:19:05.059592+00:00
21,행복기숙사,대학생들의 경제적 부담 경감과 주거안정을 위해 대학교와 공동으로 비용이 저렴한 기숙사를 건립하여 대학생이 함께 사용하는 기숙사입니다.,"대학생들의 경제적 부담 경감과 주거안정을 위해 대학교와 공동으로 비용이 저렴한 기숙사를 건립하여 대학생이 함께 사용하는 기숙사입니다.

■ 지원 대상
참여대학에 재학 중인 외국인 유학생(단, 외국인 유학생 입실율 저조로 공실이 발생할 경우 참여대학의 국내학생 및 교직원에게 임대 할 수 있음)
신청제한
소속 학교에서 추천 받지 못 한자
휴학생(입사 기간 중 휴학 시 중도퇴사 처리)
전염성 질환자 및 보균자
입사일 기준 1년 내 입실제한조치(강제퇴사)를 받은 자
기타 관장이 부적당하다고 인정하는 자
행복기숙사 한국사학진흥재단 바로가기",,"[행복기숙사]

대학생들의 경제적 부담 경감과 주거안정을 위해 대학교와 공동으로 비용이 저렴한 기숙사를 건립하여 대학생이 함께 사용하는 기숙사입니다.

* 지원 대상
참여대학에 재학 중인 외국인 유학생(단, 외국인 유학생 입실율 저조로 공실이 발생할 경우 참여대학의 국내학생 및 교직원에게 임대 할 수 있음)
신청제한
소속 학교에서 추천 받지 못 한자
휴학생(입사 기간 중 휴학 시 중도퇴사 처리)

* 지원 자격
참여대학에 재학 중인 외국인 유학생(단, 외국인 유학생 입실율 저조로 공실이 발생할 경우 참여대학의 국내학생 및 교직원에게 임대 할 수 있음)
신청제한
소속 학교에서 추천 받지 못 한자
휴학생(입사 기간 중 휴학 시 중도퇴사 처리)
전염성 질환자 및 보균자",2026-02-25T14:19:05.059592+00:00
22,신혼희망타운,"내집마련의 부담을 느끼는 신혼부부를 위해 육아·보육을 비롯한 신혼부부 수요를 반영하여 건설하고, 전량을 신혼부부에게 공급하는 신혼부부 특화형 공공주택입니다.","내집마련의 부담을 느끼는 신혼부부를 위해 육아·보육을 비롯한 신혼부부 수요를 반영하여 건설하고, 전량을 신혼부부에게 공급하는 신혼부부 특화형 공공주택입니다.",,"[신혼희망타운]

내집마련의 부담을 느끼는 신혼부부를 위해 육아·보육을 비롯한 신혼부부 수요를 반영하여 건설하고, 전량을 신혼부부에게 공급하는 신혼부부 특화형 공공주택입니다.",2026-02-25T14:19:05.059592+00:00
23,청년월세지원,서울에 거주하는 청년의 주거비 부담완화와 안정적 주거환경 마련을위한 서울시의 청년주거복지사업입니다.,"서울에 거주하는 청년의 주거비 부담완화와 안정적 주거환경 마련을위한 서울시의 청년주거복지사업입니다.

■ 지원 대상
· 임차보증금, 월세 및 소득 기준 4개 구간으로 나누고 선정인원 초과 시 구간별 전산 무작위 추첨 / 15,000명
청년월세지원 선정기준 표. 구간, 임차보증금 및 월세액, 소득기준, 선정인원(명) 제공
구간
임차보증금 및 월세액
소득기준
선정인원(명)
1
임차보증금 5백만원 이하이고, 월세 40만원 이하
120% 이하
6,750명
(45%)
2
임차보증금 1천만원 이하이고, 월세 50만원 이하
4,500명
(30%)
3
임차보증금 2천만원 이하이고, 월세 60만원 이하
2,250명
(15%)
4
임차보증금 8천만원 이하이고, 월세 60만원 이하
※ 월세 60만원 초과자 중 보증금 8천만원 이하이면서
보증금월세전환액(환산율 5.0%) 및 월세액 합계 93만원 이하
150% 이하
1,500명
(10%)
※ 지원신청 제외자
- 국토교통부 청년월세 한시 특별지원금을 수혜 중인 사람
(신청일 전 지원 종료 시 신청 가능)
- 서울시 청년월세지원금 기선정자로 수급 이력이 있는 사람
- (신청자 본인) 주택 소유자(주거용 오피스텔, 분양권, 입주권, 공유지분 소유 등 포함)
※ 주택 청약 시 적용되는 “주택소유여부 판단기준”과 관계없이 소유권 확인될 시 선정 불가
- (신청자 본인) 일반재산 총액 1억 3천만원을 초과하는 사람
(포함항목) 토지과세표준액, 건축물과세표준액, 임차보증금, 차량시가표준액
- (신청자 본인) 차량시가표준액 2,500만원 이상의 자동차를 소유한 사람
- (신청자 본인) 국민기초생활수급을 받고 있는 사람(생계, 의료, 주거급여 대상자)
- 서울시 청년수당을 받고 있는 사람, ’25년 자치구 자체 청년월세지원 사업(은평, 광진 등) 지원자로 선정된 사람, 자립준비청년 월세․기숙사비 지원 등 유사 사업 수혜를 받고 있는 사람
※‘사업 신청일’기준으로 타 사업 수급 등이 종료된 경우 신청 가능
- 공공주택특별법, 도시 및 주거환경정비법, 서울시 공공주택 건설 및 공급 등에 관한 조례 등에 따른 공공임대주택
*
에 거주하는 사람
* 영구임대, 공공임대, 국민임대, 매입임대, 행복주택, 청년안심주택(역세권청년주택), 장기안심주택, 특화형 매입임대주택(사회적주택), 도시형생활주택, 희망하우징, 전세임대주택, 공무원임대주택 등
※ 민간임대주택법에 따른 공공지원민간임대주택 등 민간임대주택 거주자는 신청 가능
- 임대인(임차건물 집주인)이 신청인의 ‘부모’인 경우
- 공동임차인 모두 신청하는 경우
- 기타 사업 취지에 부합하지 않다고 판단되는 경우
· 소득액 150%이하 산정
산정기준) 건강보험료 부과액 기준
(단위 : 원)
소득액 150% 이하 산정표. 기준 중위소득, 건강보험료 부과 가구원수, 월소득금액, 건강보험료 부과액(직장가입자, 지역가입자, 혼합)으로 구성.
기준
중위소득
가구원수
소득기준
건강보험료 부과액
직장가입자
지역가입자
혼합
120%
이하
1인
2,871,000
102,613
22,380
-
2인
4,720,000
168,410
105,787
170,193
3인
6,031,000
215,933
151,146
219,196
4인
7,318,000
261,360
208,471
266,302
5인
8,530,000
302,462
260,307
311,031
6인
9,678,000
354,964
320,449
369,517
7인
10,787,000
386,684
357,963
407,092
8인
11,895,000
431,294
411,250
461,699
9인
13,003,000
461,699
447,279
506,004
10인
14,112,000
506,004
496,008
552,230
150%
이하
1인
3,589,000
127,230
58,386
-
2인
5,899,000
210,208
143,648
213,002
3인
7,539,000
271,459
221,206
277,028
4인
9,147,000
330,765
292,298
342,861
5인
10,663,000
386,684
357,963
407,092
6인
12,098,000
431,294
411,250
461,699
7인
13,483,000
506,004
496,008
552,230
8인
14,869,000
552,230
545,970
599,810
9인
16,254,000
599,810
591,277
673,463
10인
17,639,000
673,463
654,281
792,926
※ 출처 : 보건복지부(본인부담금은 노인장기요양보험료를 제외한 금액임)
04
기본제출서류(3종)
※ 모든 서류는 주민등록번호 뒷자리를 지우고, 가급적 PDF 파일로 제출
· 확정일자가 날인된 임대차계약서 전체 사본 1부(필수)
- 확정일자는 동주민센터 및 인터넷등기소(
http://www.iros.go.kr
)에서 부여
- 임대차계약서상 다음 사항이 확인 가능하여야 함
‣ 임대인, 임차인의 성명 및 생년월일, 확정일자 또는 공인중개사 날인, 임차주택소재지, 임대차계약기간, 임차보증금, 월세금액 등
- 확정일자 날인을 받을 수 없는 경우 아래의 증빙자료 제출
1) 주택(원룸, 다가구주택, 무보증월세 등)은 ① ~ ③ 중 하나 제출
① 공인중개사가 날인 한 임대차계약서 사본
② 임대차계약서와 임대차 건물 등기부등본 사본
③ 임대차계약서와 주택 임대차 계약 신고필증(“확정일자 부여현황”은 신고필증이 아님)
※ 등기부등본상 임차주택의 소유주와 임대차계약서상 임대인 성명이 동일해야 하며, 다를 경우 임대인의 임대사업자등록증 사본을 추가 제출해야 함
‣ 등기부등본은 인터넷등기소(
http://www.iros.go.kr
)에서 발급가능
2) 고시원, 게스트하우스 등 ①, ② 모두 제출
① 입실확인서
※ (임대차 계약사항) 임대인과 임차인의 성명, 생년월일, 도장 또는 서명 날인, 임차보증금과 월세금액, 계약일자, 소재지 등이 기재되어 있어야 함.
※ 임대차계약사항이 기재된 입실확인서 등이 없는 경우 붙임양식(실거주 확인서) 참조
② (임대)사업자등록증 사본
· 이체확인증 : 신청일 기준 최근 3개월(’25년3~5월)간 월세 이체 내역(임대인 계좌확인)(필수)
- 임대차계약만 체결하여 월세 이체내역이 없는 경우 잔금(보증금) 이체내역
- 현금 납부 등의 사정으로 이체증이 없는 경우, 고시원·게스트하우스 등 4~5월 입실에 따른 월세 이체 내역이 없는 경우 ‘월차임 납부확인서’ 다운로드(서울주거포털 – 청년월세지원 – 자료실) 후 작성하여 첨부 제출
※ 이체일자, 임대인성명, 임대인 계좌번호, 월세금액이 명시되어야 함
※ 월세 받는 사람이 계약서상 임대인과 다를 경우, 특약사항에 실제 월세를 지급받는 사람의 성함, 계좌번호 명시되어야 함
· 가족관계증명서(본인 기준 상세증명서)(필수)
※ 공고일 이후 발급분
2026년도 청년월세지원의
신청에 대한 메일 안내
를
받고 싶다면?!
서울시 대표 누리집에서
청년월세신청안내
메일 알림을
설정해주세요!
청년월세지원 신청기간이
도래했을때 메일을 보내드립니다.
청년월세 신청안내
메일 알림 받으러 가기
① 서울시 대표 누리집
로그인 후, 나의 서울 클릭!
② 회원정보 변경 페이지로 이동하여 비밀번호를 한번 더 입력 후 확인 버튼을 클릭!
③ 회원정보 변경 페이지 -
행사강좌 등 정보 서비스 이용을 위한 개인정보 수집·이용 항목
내
“청년월세신청안내” 선택 후 저장
※
메일 알림 서비스
는 신청 시에도 메일 송수신 환경에 따라 메일이 수신되지 않을 수 있습니다.
메일 알림 서비스는 참고만 하시고 사업공고는 주거포털 공지사항에서 신청인이 직접 확인하시기 바랍니다.
서울주택도시개발공사 청년월세지원센터
1833-2030
다산
120

■ 지원 내용
월 20만원 임차료 지원 (최대 12개월, 생애 1회)
지원방법
서울주거포털 내 ‘청년월세지원’란에서 지원 신청 후 마이페이지에서 신청 확인
추진일정
신청 접수
6.11.~6.24.
소득재산 및
중복수혜 조사
6월~8월
심사결과
통보
8월
이의신청
접수
8월
최종선정자
발표
9월초(예정)
※ 세부 일정은 사업 운영 계획에 따라 변동될 수 있음
02
지원기준
: 신청일 기준 다음 조건을 만족하는 사람
· 서울에 월세로 거주하는 19세~39세 이하 청년 1인 가구
· 임차보증금 8천만원 이하 및 월세 60만원 이하 건물에 월세로 거주하는 무주택자
※ 단 임차보증금은 8천만원 이하면서 월세가 60만원을 초과하는 경우에는, 보증금 월세 환산액
*
과 월세액을 합산하여 93만원 이하인 경우에만 신청 가능
주택임대차보호법에 의거 환산율은 5.0% 적용
※ 임차건물 소재지에 주민등록이 등재되어 있어야 함.
· 가구당 기준중위소득 150% 이하인 자(건강보험료 부과액 기준)
신청인이 속한 가구의 건강보험료 부과액(최근 3개월(’25년 3월~5월) 평균액)이 ’25년 기준 중위소득 150% 이하의 건강보험료 부과액을 충족해야 함.
※ 신청인의 건강보험이 피부양자(건강보험 상 부모 등의 세대원으로 등록)인 경우 주민등록이 별도 분리되어 있어도 부양자 부과액 기준
※ 건강보험료 부과액 조회가 어려운 경우 별도의 소득 증빙자료를 요청할 수 있음.
03",,"[청년월세지원]

서울에 거주하는 청년의 주거비 부담완화와 안정적 주거환경 마련을위한 서울시의 청년주거복지사업입니다.

* 지원 대상
임차보증금, 월세 및 소득 기준 4개 구간으로 나누고 선정인원 초과 시 구간별 전산 무작위 추첨 / 15,000명
청년월세지원 선정기준 표. 구간, 임차보증금 및 월세액, 소득기준, 선정인원(명) 제공
구간
임차보증금 및 월세액

* 지원 자격
임차보증금, 월세 및 소득 기준 4개 구간으로 나누고 선정인원 초과 시 구간별 전산 무작위 추첨 / 15,000명
청년월세지원 선정기준 표. 구간, 임차보증금 및 월세액, 소득기준, 선정인원(명) 제공
구간
임차보증금 및 월세액
소득기준

* 지원 내용
지원방법
서울주거포털 내 ‘청년월세지원’란에서 지원 신청 후 마이페이지에서 신청 확인
추진일정
신청 접수
6.11.~6.24.
소득재산 및

* 신청 기간
사업신청 종료 후, 진행상황, 급여청구, 지급결과 등은 마이페이지에서 확인 바랍니다.
공지사항",2026-02-25T14:19:05.059592+00:00
24,주거급여 수급자 지원(임차급여),주거급여 수급자 가구 중 타인에 주택 등에 거주하면서 임대차 계약(전대차 계약 포함)을 체결하고 이에 따라 임차료를 지불하고 있는 사람에게 일정한 임차급여를 지원하여 주거안정에 기여하는 제도입니다.,"주거급여 수급자 가구 중 타인에 주택 등에 거주하면서 임대차 계약(전대차 계약 포함)을 체결하고 이에 따라 임차료를 지불하고 있는 사람에게 일정한 임차급여를 지원하여 주거안정에 기여하는 제도입니다.

■ 지원 대상
타인의 주택 등에 거주하면서 임대차계약 등(사용대차 확인서, 전대차 확인서 포함)을 체결하고 이에 따라 실제 임차료를 지불하고 있는 임차가구
임대차 계약은 신청조사 및 확인조사를 의뢰받은 조사 전담기관이 임대차 계약서 등 증빙자료를 통하여 확인
수급자의 실제임차료가 주거급여 기준임대료의 5배를 초과하는 경우 임차급여는 최저지급액 1만원을 지급
수급자가 수급자의 1촌 직계혈족 및 그 배우자(단, 사망한 1촌의 직계혈족의 배우자는 제외)와 체결한 임대차 계약은 인정하지 않음
※ 임차급여 비대상 가구
보장시설, 타법령 우선 지원 주거, 공동생활가정 등(무상제공) 거주자, 가정위탁입양 대상 아동은 임차급여를 지급하지 아니함
임차급여 지급 기준
월차임을 지급하는 임차 가구는 지역별 기준 임대료를 상한으로 소득 수준에 따라 임차급여를 차등 지급 받음
기준 임대료는 최저주거기준을 고려하여 지역별 및 가구원수별로 산정한 임대료로 최대 지급 가능한 임차급여 수준을 말함
2021년 주거급여 선정기준 (단위 : 원)
구 분
1인 가구
2인 가구
3인 가구
4인 가구
5인 가구
6인 가구
지원상한액
352,000원
395,000원
470,000원
545,000원
564,000원
667,000원",,"[주거급여 수급자 지원(임차급여)]

주거급여 수급자 가구 중 타인에 주택 등에 거주하면서 임대차 계약(전대차 계약 포함)을 체결하고 이에 따라 임차료를 지불하고 있는 사람에게 일정한 임차급여를 지원하여 주거안정에 기여하는 제도입니다.

* 지원 대상
타인의 주택 등에 거주하면서 임대차계약 등(사용대차 확인서, 전대차 확인서 포함)을 체결하고 이에 따라 실제 임차료를 지불하고 있는 임차가구
임대차 계약은 신청조사 및 확인조사를 의뢰받은 조사 전담기관이 임대차 계약서 등 증빙자료를 통하여 확인
수급자가 수급자의 1촌 직계혈족 및 그 배우자(단, 사망한 1촌의 직계혈족의 배우자는 제외)와 체결한 임대차 계약은 인정하지 않음
임차급여 비대상 가구

* 지원 자격
타인의 주택 등에 거주하면서 임대차계약 등(사용대차 확인서, 전대차 확인서 포함)을 체결하고 이에 따라 실제 임차료를 지불하고 있는 임차가구
임대차 계약은 신청조사 및 확인조사를 의뢰받은 조사 전담기관이 임대차 계약서 등 증빙자료를 통하여 확인
수급자가 수급자의 1촌 직계혈족 및 그 배우자(단, 사망한 1촌의 직계혈족의 배우자는 제외)와 체결한 임대차 계약은 인정하지 않음
임차급여 비대상 가구
보장시설, 타법령 우선 지원 주거, 공동생활가정 등(무상제공) 거주자, 가정위탁입양 대상 아동은 임차급여를 지급하지 아니함

신청 방법
신청장소 : 주민등록주소지 동주민센터, 온라인 복지로(bokjiro.go.kr)
신청권자 : 수급(권)자·친족·기타 관계인, 공무원 직권신청(동의 필요)
구비서류
신분증(주민등록증, 자동찬운전면허증, 여권 등)
임대차계약서(사용대차확인서, 전대차계약서 등) 사본
통장 사본",2026-02-25T14:19:05.059592+00:00
25,서울형 주택바우처(특정바우처),쪽방 및 사회복지시설 퇴거자의 임대료 지원을 위해 민간임대주택으로 이주한 가구의 초기 주거 안정 및 정착을 돕기 위하여 임대료 일부를 지원하는 사업입니다.,"쪽방 및 사회복지시설 퇴거자의 임대료 지원을 위해 민간임대주택으로 이주한 가구의 초기 주거 안정 및 정착을 돕기 위하여 임대료 일부를 지원하는 사업입니다.

■ 지원 내용
: 아동 1인당 6만원",,"[서울형 주택바우처(특정바우처)]

쪽방 및 사회복지시설 퇴거자의 임대료 지원을 위해 민간임대주택으로 이주한 가구의 초기 주거 안정 및 정착을 돕기 위하여 임대료 일부를 지원하는 사업입니다.

신청 방법
신청권자
신청(권)자 가구의 가구원
대리인 : 주민등록표상 등재되지 아니한 배우자 및 2촌 이내 직계 존·비속 (신청(권)자가 가구원의 위임 필요 – 계약자 위임 우선)
관계 공무원 : 담당공무원이 신청(권)자의 동의를 얻어 직권 신청 가능
신청방법 및 유의사항
신청권자가 관련 서식을 작성, 증빙서류를 포함하여 동주민센터 담당자에게 제출",2026-02-25T14:19:05.059592+00:00
26,보호종료아동 및 쉼터퇴소 청소년 대상 임대주택 지원,아동복지시설 또는 청소년쉼터에서 퇴소예정인 청소년을 위해 청년 매입임대주택을 퇴소한 지 5년이 지나지 아니 한 자에 한하여 공급물량의 5% 범위 내 우선 지원하는 사업입니다.,"아동복지시설 또는 청소년쉼터에서 퇴소예정인 청소년을 위해 청년 매입임대주택을 퇴소한 지 5년이 지나지 아니 한 자에 한하여 공급물량의 5% 범위 내 우선 지원하는 사업입니다.

■ 지원 대상
입주 자격
아동복지시설(가정위탁포함) : 퇴소 예정이거나 퇴소한지 5년이 지나지 아니한 미혼 무주택자(「아동복지법」제16조)
청소년쉼터 : 퇴소 예정이거나 퇴소 후 5년이내 이고, 쉼터 이용기간이 2년 이상 미혼 무주택자 (「청소년복지지원법」제31조)
임대 조건
임대료 : 시중 시세의 30%, 임대보증금 100만원
임대 기간
계 약 : 최초 2년으로, 4회까지 재계약 가능(10년 거주가능)
※ 소득과 자산을 총족하는 경우, 재계약 5회 연장가능 (최장 20년)",,"[보호종료아동 및 쉼터퇴소 청소년 대상 임대주택 지원]

지원 대상

* 지원 대상
입주 자격
아동복지시설(가정위탁포함) : 퇴소 예정이거나 퇴소한지 5년이 지나지 아니한 미혼 무주택자(「아동복지법」제16조)
청소년쉼터 : 퇴소 예정이거나 퇴소 후 5년이내 이고, 쉼터 이용기간이 2년 이상 미혼 무주택자 (「청소년복지지원법」제31조)
임대 조건

* 지원 자격
입주 자격
아동복지시설(가정위탁포함) : 퇴소 예정이거나 퇴소한지 5년이 지나지 아니한 미혼 무주택자(「아동복지법」제16조)
청소년쉼터 : 퇴소 예정이거나 퇴소 후 5년이내 이고, 쉼터 이용기간이 2년 이상 미혼 무주택자 (「청소년복지지원법」제31조)
임대 조건
임대 기간

신청 방법
서울주택도시공사(SH)에서 “보호종료아동 및 쉼터퇴소청소년 대상 매입임대주택 입주자 모집공고” 시 SH홈페이지에서 온라인 신청 및 문의",2026-02-25T14:19:05.059592+00:00
27,1인가구 주택관리서비스,1인 임차가구의 안전하고 행복한 주거환경 조성을 위해 '신속생활불편처리·홈케어·클린케어' 서비스를 제공합니다.,"1인 임차가구의 안전하고 행복한 주거환경 조성을 위해 '신속생활불편처리·홈케어·클린케어' 서비스를 제공합니다.

■ 지원 대상
서울시 거주 기준중위소득 120%* 이하 1인 임차가구 등
<확대 지원 대상>
- 서울시 거주 (생계·의료·주거급여)수급자 다인 임차가구
- 서울시 거주 만65세 이상 기준중위소득 120%이하 어르신 부부 임차가구
- 전세사기피해로 인해 긴급하게 주택관리서비스가 필요한 가구
※ 지원 제외대상: 공공임대주택 거주자(단, 전세임대·매입임대 지원 가능), 지원주택 거주자
* 2025년 기준 중위소득 120%
1인 가구: 2,870,416원 2인 가구:4,719,190원

■ 지원 내용
[신속 생활불편 처리]
현장에서 즉시 조치 가능한 주거불편사항 처리
(예시) 형광등·콘센트·손잡이·경첩 교체, 커튼·블라인드 설치 등
※ 신속생활불편처리 접수 후 코디네이터가 방문하여
필요시
홈케어 또는 클린케어 서비스 연계 지원
- 소액 소모품 교체 실비 지원
[홈케어 서비스]
신속 생활불편 처리로 어려운 경우, 집수리업체를 연계하여 소규모 집수리
(예시) 방충망, 창호, 곰팡이, 싱크대, 수전, 변기, 세면대, 방음, 단열, 안전손잡이
- 가구당 최대 50만원
[클린케어 서비스]
고령자, 장애가구, 저장강박 등 주택 내부 위생관리에 어려움을 겪는 경우, 청소 및 수납정리 등 환경개선 지원
(예시) 청소, 방역, 정리수납
- 가구당 최대 100만원
지원절차
지원금액 안내: 가구원 수, 1~2인 가구, 3인 이상 가구로 구성
단 계
세 부 내 용
주 관
(1단계)신청 및 접수
신청자 요구에 따라 지역주거안심종합센터 주거상담소 연계
지원내용, 구비서류 안내 및 방문일정 조율
지역 주거안심종합센터(주택관리코디네이터)
(2단계)주택방문 및 분석
주거관리코디네이터의 주택방문 및 상황분석
신청자의 요구사항에 따라 적합한 서비스 지원
주거분석 결과에 따라 추가 서비스 제안
지역 주거안심종합센터(주택관리코디네이터)
(3단계)서비스 시행
【신속 생활불편 처리】
30분 이내 처리 가능한 간단한 공종
코디네이터가 즉시 직접 처리
지역 주거안심종합센터(주택관리코디네이터)
【홈케어 서비스】
관내 집수리업체 및 자활기업 연계를 통하여 소규모 집수리 제공
관내기관 연계 시행
【클린케어 서비스】
정리정돈, 청소, 방역 등 주거환경 개선 제공
정리수납협회 연계 시행
(4단계)사후관리
홈케어, 클린케어 서비스 결과 확인
신청자 만족도 조사를 통한 서비스 개선
지역 주거안심종합센터(주택관리코디네이터)",,"[1인가구 주택관리서비스]

1인 임차가구의 안전하고 행복한 주거환경 조성을 위해 '신속생활불편처리·홈케어·클린케어' 서비스를 제공합니다.

* 지원 대상
<확대 지원 대상>
서울시 거주 (생계·의료·주거급여)수급자 다인 임차가구
전세사기피해로 인해 긴급하게 주택관리서비스가 필요한 가구
지원 제외대상: 공공임대주택 거주자(단, 전세임대·매입임대 지원 가능), 지원주택 거주자

* 지원 자격
<확대 지원 대상>
서울시 거주 (생계·의료·주거급여)수급자 다인 임차가구
전세사기피해로 인해 긴급하게 주택관리서비스가 필요한 가구
지원 제외대상: 공공임대주택 거주자(단, 전세임대·매입임대 지원 가능), 지원주택 거주자

* 지원 내용
[신속 생활불편 처리]
현장에서 즉시 조치 가능한 주거불편사항 처리
(예시) 형광등·콘센트·손잡이·경첩 교체, 커튼·블라인드 설치 등
신속생활불편처리 접수 후 코디네이터가 방문하여
필요시
홈케어 또는 클린케어 서비스 연계 지원

신청 방법
자치구 주거안심종합센터(주거상담소) 유선 또는 방문 신청
주거안심종합센터(주거상담소) 연락처 바로가기 :
준비서류
① 신분증 : 주민등록증, 운전면허증, 여권
② 가구원수 증빙서류: 주민등록등본
동주민센터 발급, 정부24 인터넷 발급

* 신청 기간
2025년 2월 ~ 예산 소진시",2026-02-25T14:19:05.059592+00:00
28,전세보증금 반환보증 보증료 지원,전세 피해 예방을 위한 전세보증금 반환보증료 지원사업의 대상이 청년에서 전 연령층으로 확대 시행 됩니다.,"전세 피해 예방을 위한 전세보증금 반환보증료 지원사업의 대상이 청년에서 전 연령층으로 확대 시행 됩니다.

■ 지원 내용
청년/신혼부부
신청인이 기 납부한 보증료의
전부(최대 40만원)
* 2025.3.31.이후 보증보험 가입자부터 적용
(3.31.이전 보증보험 가입자는 최대 30만원 한도)
청년 외
신청인이 기 납부한 보증료의
90%(최대 40만원)
* 2025.3.31.이후 보증보험 가입자부터 적용
(3.31.이전 보증보험 가입자는 최대30 만원 한도)
03",,"[전세보증금 반환보증 보증료 지원]

전세 피해 예방을 위한 전세보증금 반환보증료 지원사업의 대상이 청년에서 전 연령층으로 확대 시행 됩니다.

* 지원 내용
청년/신혼부부
신청인이 기 납부한 보증료의
청년 외
03

신청 방법
ㆍ (온라인) 정부24(
) > 자주찾는 검색 >
""국토교통부 전세보증금 반환보증 보증료 지원"" 입력
ㆍ (온라인) 안심전세포털(
) >
""국토교통부 전세보증금 반환보증 보증료 지원사업 신청하기"" 배너클릭

* 신청 기간
04",2026-02-25T14:19:05.059592+00:00
29,서울형 주택바우처 (반지하 거주가구 이주 지원),반지하 거주 가구의 주거 상향을 위해 반지하 거주 가구가 신속히 지상층으로 이주하여 주거 안정을 도모할 수 있도록 월세를 지원합니다.,"반지하 거주 가구의 주거 상향을 위해 반지하 거주 가구가 신속히 지상층으로 이주하여 주거 안정을 도모할 수 있도록 월세를 지원합니다.

■ 지원 내용
구 분
1인가구
2인가구
3인가구
4인가구
5인가구
6인가구
7인가구
8인가구
2025년
359.8
547.7
762.6
857.8
903.1
973.3
1,043.5
1,113.7
제외대상
공공임대주택 입주자, 주거급여 수급자, 청년월세 지원대상자, 자가소유자, 고시원·쪽방·옥탑방·근린생활시설으로의 이주자, 8. 10. 이후 신규 반지하 입주자
※ 이주한 주택이 사업목적 달성에 적합하지 않은 경우에 제외될수 있음
지원규모
월 20만원, 최장 72개월
지원
신청권자
신청(권)자 가구의 가구원
대리인: 주민등록표상 등재되지 아니한 배우자 및 2촌 이내 직계 존·비속 (신청(권)자가 가구원에 위임 필요 – 계약자 위임 우선)
관계 공무원: 담당공무원이 신청(권)자의 동의를 얻어 직권 신청 가능",,"[서울형 주택바우처 (반지하 거주가구 이주 지원)]

반지하 거주 가구의 주거 상향을 위해 반지하 거주 가구가 신속히 지상층으로 이주하여 주거 안정을 도모할 수 있도록 월세를 지원합니다.

* 지원 내용
구 분
1인가구
2인가구
3인가구
4인가구
5인가구

신청 방법
신청권자가 관련 서식을 작성, 증빙서류를 포함하여 지상층 거주지 관할 동주민센터 담당자에게 제출
구비서류 :
신청서(hwp)
개인정보 이용 및 제공 사전동의서(hwp)
신청서(pdf)
개인정보 이용 및 제공 사전동의서(pdf)",2026-02-25T14:19:05.059592+00:00
30,희망의 집수리 사업,주택 수리를 통하여 저소득 주거취약가구의 열악한 주거환경을 개선하여 주택 에너지 효율을 개선하고 삶의 질을 향상하기 위한 사업입니다.,"주택 수리를 통하여 저소득 주거취약가구의 열악한 주거환경을 개선하여 주택 에너지 효율을 개선하고 삶의 질을 향상하기 위한 사업입니다.

■ 지원 대상
구 분
1인
2인
3인
4인
5인
6인
중위소득
2,392,013원
3,932,658원
5,025,353원
6,097,773원
7,108,192원
8,064,805원
중위소득 60%
1,435,208원
2,359,595원
3,015,212원
3,658,664
4,264,915원
4,838,883원
※ 주거급여 수급대상자 중 중위소득 48%이하의 '자가가구'는 수선유지급여 지원대상에 해당하므로 지원불가
「주택법」 제2조에서 정의한 ‘주택’에 거주하는 자
※ 제외 : 공공임대주택(건설·매입), 준주택, 비주택, 무허가 건물 등
전·월세 잔여기간이 12개월 이상 남은 임차인(임대인 동의서 필수 제출)
신청제한: 희망의 집수리사업 기 수혜자, 사업연도 기준 향후 3년간 신청불가
※ `25년 신청 불가: 2022~2024 희망의 집수리 수혜가구

■ 지원 내용
구 분
내용
수리항목
맞춤형 집수리 시행
도배, 장판, 단열, 도어, 방수, 처마, 창호, 싱크대, 타일, 제습기, 환풍기,방역(곰팡이제거·해충구제 등), 위생기구(세면대·양변기), 천장보수, 페인트,LED등, 보일러, 안전시설(화재·침수·가스누설경보기·차수판·소화기 등)
지원금액(사업비)
가구당 250만원
※ 현금 지급이 아니라 집수리 시공 지원임",,"[희망의 집수리 사업]

주택 수리를 통하여 저소득 주거취약가구의 열악한 주거환경을 개선하여 주택 에너지 효율을 개선하고 삶의 질을 향상하기 위한 사업입니다.

* 지원 대상
구 분
1인
2인
3인

* 지원 자격
구 분
1인
2인
3인
4인

* 지원 내용
구 분
내용
수리항목
맞춤형 집수리 시행
도배, 장판, 단열, 도어, 방수, 처마, 창호, 싱크대, 타일, 제습기, 환풍기,방역(곰팡이제거·해충구제 등), 위생기구(세면대·양변기), 천장보수, 페인트,LED등, 보일러, 안전시설(화재·침수·가스누설경보기·차수판·소화기 등)
지원금액(사업비)

신청 방법
주소지 동주민센터 방문신청

문의처
02-2133-7985",2026-02-25T14:19:05.059592+00:00
31,슬레이트 처리 및 지붕 개량,1군 발암물질인 석면을 10~15% 가량 고함량으로 함유하고 있는 슬레이트를 지붕으로 쓰고 있는 70년대 초 낡은 가옥들의 노후화에 따른 석면 피해를 줄이기 위해 슬레이트 지붕의 조기 철거와 처리를 위한 사업 입니다.,"1군 발암물질인 석면을 10~15% 가량 고함량으로 함유하고 있는 슬레이트를 지붕으로 쓰고 있는 70년대 초 낡은 가옥들의 노후화에 따른 석면 피해를 줄이기 위해 슬레이트 지붕의 조기 철거와 처리를 위한 사업 입니다.

■ 지원 대상
슬레이트 건축물(주택, 비주택)
사회적 취약계층(기초생활수급자ㆍ차상위 계층 등) 우선 교체 지원

■ 지원 내용
구분
주택 철거·처리
주택 지붕 교체·개량
비주택 철거·처리
우선지원가구
동(棟)당 전액지원
동(棟)당 최대 1,000만원
동(棟)당 슬레이트 면적 200㎡ 이하 이며,
최대 540만원 한도내에서 지원
일반가구
동(棟)당 352만원 범위내의 소규모 주택을 우선지원하고, 최대 7백만원 한도내에서 지원
동(棟)당 최대 300만원 범위내의
소규모 주택을 우선 지원하고,
최대 500만원 한도내에서 지원
주의사항
예산의 범위 내에서 신청서 제출자 중 대상자를 선정 후 철거 및 처리비용 지원
지원절차
1단계
지원신청(소유자→구청)
2단계
지원 대상자 선정(시청)
3단계
지원 대상자 선정 통보(구청→소유자)
4단계
슬레이트 지붕 철거· 개량 업체 선정(시청)
5단계
공사시행(철거·개량업체), 현장점검(구청)
6단계
공사준공 및 사업비 정산(시청)",,"[슬레이트 처리 및 지붕 개량]

구분

* 지원 대상
슬레이트 건축물(주택, 비주택)
사회적 취약계층(기초생활수급자ㆍ차상위 계층 등) 우선 교체 지원

* 지원 자격
슬레이트 건축물(주택, 비주택)
사회적 취약계층(기초생활수급자ㆍ차상위 계층 등) 우선 교체 지원

* 지원 내용
구분
주택 철거·처리
주택 지붕 교체·개량
비주택 철거·처리
우선지원가구
동(棟)당 전액지원",2026-02-25T14:19:05.059592+00:00
32,집수리 아카데미,"주택의 자가진단, 견적서 보는 법, 단열·방수 등 분야별 이론교육과 공구사용법 등 다양한 실습교육을 통해 스스로 집수리를 할 수 있도록 도움을 드리는 교육과정입니다.","주택의 자가진단, 견적서 보는 법, 단열·방수 등 분야별 이론교육과 공구사용법 등 다양한 실습교육을 통해 스스로 집수리를 할 수 있도록 도움을 드리는 교육과정입니다.",,"[집수리 아카데미]

주택의 자가진단, 견적서 보는 법, 단열·방수 등 분야별 이론교육과 공구사용법 등 다양한 실습교육을 통해 스스로 집수리를 할 수 있도록 도움을 드리는 교육과정입니다.",2026-02-25T14:19:05.059592+00:00
33,안심 집수리 보조사업,"반지하 주택, 주거 취약가구 거주주택 등 취약 거주시설의 주거환경 개선을 위해 집수리 보조금 일부를 지원하는 사업입니다.","반지하 주택, 주거 취약가구 거주주택 등 취약 거주시설의 주거환경 개선을 위해 집수리 보조금 일부를 지원하는 사업입니다.

■ 지원 대상
서울특별시 저층주거지 집수리 지원에 관한 조례 7조에 따른 대상
※ 단독주택(다중, 다가구 포함), 공동주택(다세대, 연립주택)
지원범위
: 주택성능개선 및 안전·편의시설 설치 지원
성능개선 공사 : 단열, 방수, 창호, 설비, 구조공사 등
안전시설 공사 : 빗물 유입 방지시설, 개폐식 방범창, 화재 감지기 등
편의시설 공사 : 내부 단차 제거, 안전 손잡이 설치 등(노인, 장애인 거주주택)
※ 자세한 사항은 ‘집수리닷컴’ 또는 사업 공고문을 통해 확인",,"[안심 집수리 보조사업]

반지하 주택, 주거 취약가구 거주주택 등 취약 거주시설의 주거환경 개선을 위해 집수리 보조금 일부를 지원하는 사업입니다.

* 지원 대상
서울특별시 저층주거지 집수리 지원에 관한 조례 7조에 따른 대상
단독주택(다중, 다가구 포함), 공동주택(다세대, 연립주택)
지원범위
: 주택성능개선 및 안전·편의시설 설치 지원

* 지원 자격
서울특별시 저층주거지 집수리 지원에 관한 조례 7조에 따른 대상
단독주택(다중, 다가구 포함), 공동주택(다세대, 연립주택)
지원범위
: 주택성능개선 및 안전·편의시설 설치 지원
성능개선 공사 : 단열, 방수, 창호, 설비, 구조공사 등",2026-02-25T14:19:05.059592+00:00
34,주택개량 신축융자지원,저층주거지 내 노후주택 집수리 융자 지원 집수리 공사비용의 일부를 지원하여 저층주거지 내 노후주택 거주자의 주거환경을 개선하기 위한 사업입니다.,저층주거지 내 노후주택 집수리 융자 지원 집수리 공사비용의 일부를 지원하여 저층주거지 내 노후주택 거주자의 주거환경을 개선하기 위한 사업입니다.,,"[주택개량 신축융자지원]

저층주거지 내 노후주택 집수리 융자 지원 집수리 공사비용의 일부를 지원하여 저층주거지 내 노후주택 거주자의 주거환경을 개선하기 위한 사업입니다.",2026-02-25T14:19:05.059592+00:00
35,건물 에너지 효율화 사업 융자지원,"에너지 이용 효율을 높이고 온실가스를 감축하기 위해 건물 단열공사, LED 조명교체, 고효율 보일러 교체 등의 에너지 절약 설비 설치 시 시민들의 경제 부담을 완화시키기 위해 장기·무이자로 융자를 지원해주는 사업 입니다.","에너지 이용 효율을 높이고 온실가스를 감축하기 위해 건물 단열공사, LED 조명교체, 고효율 보일러 교체 등의 에너지 절약 설비 설치 시 시민들의 경제 부담을 완화시키기 위해 장기·무이자로 융자를 지원해주는 사업 입니다.

■ 지원 대상
서울 소재 15년 이상 경과한 건물(주택의 경우에는 직전년도 공시가격 12억원 이하)

■ 지원 내용
1. 건물 부문 : 건물소유자, 건물세입자, ESCO 사업자
지원한도 : 1천만원 ~ 20억원
금융기관 : 신한, 국민, 농협, 우리, 하나은행
대여조건 : 8년 이내 균등분할상환(3년 이내 거치 가능), 상환 거치기간 연단위로만 설정가능, 분기별 상환
※ ESCO사업자는 「에너지이용합리화 사업을 위한 자금지원지침」을 준용한 계약체결 후 신청
※ ESCO사업자는 계약에 의한 투자비상환계획 기간을 초과해 상환기간(거치 포함)을 설정할 수 없음
2. 주택 부문 : 주택소유자
지원한도 : 5백만원~6천만원
금융기관 : 신한은행
대여조건 : 8년 이내 균등분할상환
※ 서울보증보험 가입(보험료 개인 부담)하여 무담보 대출
지원절차
지원내용 및 금액
지원내용 및 금액
건축부문
단열창호
KS F 3117 규정에 의한 창세트 적용범위에 포함된 창세트 중 에너지소비효율등급 1~3등급의 창세트
단열덧창
기존 설치된 창호의 철거 없이 기존창호 내부에 설치하는 KS F 3117 규정에 의한 창세트 중 에너지소비효율등급 1~3등급의 창세트
고기밀성 단열문
건축물 중 외기와 접하는 곳에 사용되는 문으로서 KS F 2297 규정에 의한 열관류율이 1.2W/(㎡.K)이하이며, 기밀성 등급의 통기량이 1등급(1㎥/h.㎡) 이하인 제품(고효율에너지기자재 인증제품)
내·외벽 단열재
(1) 기존 단열재 철거하고 새로이 단열재 설치 시 ⇒ 신축 단열기준 적용
에너지절약 설계기준의 열관류율 적용
(2) 기존 벽체에 단열재 추가 설치 시 단열재 기준
외단열 : 열관류율 0.56 W/㎡ · K 이하(가등급 단열재 60mm 이상)
내단열 : 열관류율 1.13 W/㎡ · K 이하(가등급 단열재 30mm 이상)
지붕 단열 : 열관류율 0.309 W/㎡ · K 이하(가등급 단열재 110mm 이상)
바닥난방인 층간바닥 : 열관류율 1.13 W/㎡ · K 이하(가등급 단열재 30mm 이상)
최하층에 있는 거실의 바닥 : 열관류율 0.309 W/㎡ · K 이하(가등급 단열재 110mm 이상)
※ 열전도율이 기재된 시험성적서 필수 제출
※ 난연 등급 있는 단열재 사용 권고
※ 마감비용은 단열재의 철거, 설치, 자재비 등의 합산금액을 초과할 수 없음
기계부문
(건물에만 해당)
에너지생산 및 이용 효율을 높이는 자가 열병합 발전시설 설치
냉ㆍ난방 효율향상공사(보일러, 냉온수기, 냉동기, 펌프 등 고효율에너지기자재 인증제품으로 기기 교체)
※ 사용 연료는 도시가스, 냉난방 방식은 지역 냉‧난방 권장
폐열회수설비(열교환장치, 히트펌프 등), 회생제동장치(엘리베이터)
건물자동화제어장치 : 자동제어, 건물에너지관리시스템(BEMS) 등
전기부문
건물,주택 공통
조명시설 효율향상공사(고효율에너지기자재 인증제품 LED 조명으로 교체)
건물에만 해당
에너지절약형 공조시스템(고효율 인버터, 고효율 송풍기 및 전동기 등)
수변전 설비(고효율 변압기)
신재생에너지
「신에너지 및 재생에너지 개발·이용·보급 촉진법」상 에너지 관련 설비
※ 에너지생산시설에 대해 지원 시 효율화 부분에 총사업비 50%이상 투자 시 지원하며, 태양광 발전사업자는 별도의 지원계획에 의거 융자지원
에너지진단비, 절수설비 및 절수기(에너지효율화 항목과 함께 추진 권고) 등
심의신청 및 대출신청
심의신청
: 인터넷 융자신청 시스템(https://brp.eseoul.go.kr) 통해 심의 신청
www.seoul.go.kr → 분야별정보 ‘환경’ → 건물에너지효율화 융자신청
계약체결한 시공업체를 시스템에 등록해 신청자와 함께 신청서 작성 가능
인터넷 신청이 어려울 시 저탄소건물 지원센터(서소문1청사 1동 1층)를 방문하여 문의
금융기관별 구비서류
금융기관별 구비서류
구분
금융기관
지원조건
공통
-
신분증, 융자추천서
※ 보증 보험료 발생
건물
개별 선정
완료보고서
※ 담보 관련하여 해당 금융기관과 별도 협의
※ SGI서울보증은 공인인증서 사용 시 서울보증홈페이지에서 가입 가능
(문의사항 : SGI서울보증 종각지점, ☎02-733-0021)",,"[건물 에너지 효율화 사업 융자지원]

에너지 이용 효율을 높이고 온실가스를 감축하기 위해 건물 단열공사, LED 조명교체, 고효율 보일러 교체 등의 에너지 절약 설비 설치 시 시민들의 경제 부담을 완화시키기 위해 장기·무이자로 융자를 지원해주는 사업 입니다.

* 지원 대상
서울 소재 15년 이상 경과한 건물(주택의 경우에는 직전년도 공시가격 12억원 이하)

* 지원 자격
서울 소재 15년 이상 경과한 건물(주택의 경우에는 직전년도 공시가격 12억원 이하)

* 지원 내용
1. 건물 부문 : 건물소유자, 건물세입자, ESCO 사업자
금융기관 : 신한, 국민, 농협, 우리, 하나은행
대여조건 : 8년 이내 균등분할상환(3년 이내 거치 가능), 상환 거치기간 연단위로만 설정가능, 분기별 상환
ESCO사업자는 「에너지이용합리화 사업을 위한 자금지원지침」을 준용한 계약체결 후 신청
ESCO사업자는 계약에 의한 투자비상환계획 기간을 초과해 상환기간(거치 포함)을 설정할 수 없음
2. 주택 부문 : 주택소유자

문의처
02-733-0021",2026-02-25T14:19:05.059592+00:00
36,주거급여 수급자 지원(수선유지급여),"주거급여 수급자 가구 중 주택을 소유한 가구에 대하여 주택 노후도 등 주택 상태를 종합 점검하여 보수 범위를 경, 중. 대보수로 차등 적용하여 최저주거기준 보장을 강화할 뿐 아니라 양질의 주택재고 확보에도 기여하는 제도입니다.","주거급여 수급자 가구 중 주택을 소유한 가구에 대하여 주택 노후도 등 주택 상태를 종합 점검하여 보수 범위를 경, 중. 대보수로 차등 적용하여 최저주거기준 보장을 강화할 뿐 아니라 양질의 주택재고 확보에도 기여하는 제도입니다.

■ 지원 내용
457만원
849만원
1,241만원
수선주기
3년
5년
7년
보수 범위
건축 마감 불량 및 채광, 통풍, 주택 내부 시설 일부 보수
주요 설비 상태의 주요 결함으로 인한 보수
지반 및 구조물의 결함으로 인한 보수
주요 수선 내용 (예시)
마감재 개선
- 도배, 장판 및 창호 교체 등
기능 및 설비 개선
- 창호, 단열, 난방공사 등
구조 및 거주 공간 개선
- 지붕, 욕실개량, 주방 개량 공사 등
※ 수급자가 침수우려 주택에 거주하는 경우 침수방지시설 지원
• 수선비용 기준 금액과 별도로 최대 350만원 한도 내에서 지원
2. 수급자의 소득인정액에 따라 차등 지원
수급자의 소득인정액에 따라 차등 지급
구분
생계급여 기준 금액 이하
생계급여 기준 금액 초과~중위소득 35% 이하
중위소득 35% 초과~
중위소득 45% 이하
경보수
457만원(3년)
100% 지원
90% 지원
80% 지원
중보수
849만원(5년)
대보수
1,241만원(7년)",,"[주거급여 수급자 지원(수선유지급여)]

주거급여 수급자 가구 중 주택을 소유한 가구에 대하여 주택 노후도 등 주택 상태를 종합 점검하여 보수 범위를 경, 중.
대보수로 차등 적용하여 최저주거기준 보장을 강화할 뿐 아니라 양질의 주택재고 확보에도 기여하는 제도입니다.

* 지원 내용
수선주기
3년
5년
7년
보수 범위
건축 마감 불량 및 채광, 통풍, 주택 내부 시설 일부 보수",2026-02-25T14:19:05.059592+00:00
37,서울형 주택바우처(일반바우처),"저소득 서민의 주거비 부담 완화를 위해 민간월세로 거주하는 저소득 서민의 주거비 부담을 최소화하고, 주거 취약계층의 주거안정을 도모하기 위해 서울형 주택 바우처(임대료 보조지원)을 지원합니다.","저소득 서민의 주거비 부담 완화를 위해 민간월세로 거주하는 저소득 서민의 주거비 부담을 최소화하고, 주거 취약계층의 주거안정을 도모하기 위해 서울형 주택 바우처(임대료 보조지원)을 지원합니다.

■ 지원 내용
120,000원
130,000원
140,000원
150,000원
160,000원
170,000원
신청권자
신청(권)자 가구의 가구원
대리인 : 주민등록표상 등재되지 아니한 배우자 및 2촌 이내 직계 존·비속 (신청(권)자가 가구원의 위임 필요 – 계약자 위임 우선)
관계 공무원 : 담당공무원이 신청(권)자의 동의를 얻어 직권 신청 가능
신청방법 및 유의사항
신청권자가 관련 서식을 작성, 증빙서류를 포함하여 동주민센터 담당자에게 제출
신청서식 :
서울형 주택바우처 신청서, 차상위계층 확인서 및 발급신청서, 개인정보 이용 및 제공 사전 동의서, 임대차계약서 사본, 신청자 신분증(주민등록증, 자동차운전면허증, 장애인등록증, 여권 등)
신청서(hwp)
개인정보 이용 및 제공 사전동의서(hwp)
신청서(pdf)
개인정보 이용 및 제공 사전동의서(pdf)
유의사항
임대차계약서 사본제출 시 확정일자를 부여받은 것만 인정 (임대차계약서는 주택소유자와 지원대상 가구원 간의 계약만 인정)
임대기간(계약기간)이 지났으나 변경계약서(보증금 및 임대료 증액 없음)를 작성하지 않고 거주하는 경우 묵시적 갱신 인정
* 단, 무보증월세주택은 확정일자 없는(집주인 확인) 계약서도 인정
부양의무자와의 임대차계약은 제외
주택을 임대인으로부터 재임차한 경우는 대상에서 제외",,"[서울형 주택바우처(일반바우처)]

저소득 서민의 주거비 부담 완화를 위해 민간월세로 거주하는 저소득 서민의 주거비 부담을 최소화하고, 주거 취약계층의 주거안정을 도모하기 위해 서울형 주택 바우처(임대료 보조지원)을 지원합니다.

* 지원 내용
신청권자
신청(권)자 가구의 가구원
대리인 : 주민등록표상 등재되지 아니한 배우자 및 2촌 이내 직계 존·비속 (신청(권)자가 가구원의 위임 필요 – 계약자 위임 우선)
관계 공무원 : 담당공무원이 신청(권)자의 동의를 얻어 직권 신청 가능
신청방법 및 유의사항
신청권자가 관련 서식을 작성, 증빙서류를 포함하여 동주민센터 담당자에게 제출",2026-02-25T14:19:05.059592+00:00
38,서울시 저소득 중증장애인 전세주택 제공사업,저소득 중증장애인이 월세 부담에서 벗어나 전세주택에 입주할 수 있도록 최장 6년간 무상으로 전세보증금을 지원하여 주거환경 개선 및 지역사회 자립기반 마련에 도움을 주고자 함,저소득 중증장애인이 월세 부담에서 벗어나 전세주택에 입주할 수 있도록 최장 6년간 무상으로 전세보증금을 지원하여 주거환경 개선 및 지역사회 자립기반 마련에 도움을 주고자 함,,"[서울시 저소득 중증장애인 전세주택 제공사업]

저소득 중증장애인이 월세 부담에서 벗어나 전세주택에 입주할 수 있도록 최장 6년간 무상으로 전세보증금을 지원하여 주거환경 개선 및 지역사회 자립기반 마련에 도움을 주고자 함",2026-02-25T14:19:05.059592+00:00
39,신혼부부 임차보증금 지원사업,신혼부부의 주거비 부담 경감 및 주거안정성 강화를 위해 임차보증금 대출을 지원하여 주거배려 계층의 주거디딤돌 역할 마련,신혼부부의 주거비 부담 경감 및 주거안정성 강화를 위해 임차보증금 대출을 지원하여 주거배려 계층의 주거디딤돌 역할 마련,,"[신혼부부 임차보증금 지원사업]

신혼부부의 주거비 부담 경감 및 주거안정성 강화를 위해 임차보증금 대출을 지원하여 주거배려 계층의 주거디딤돌 역할 마련",2026-02-25T14:19:05.059592+00:00
40,청년임차보증금 이자지원사업,"서울시 내 주택에 임차하려는 청년에게 보증금을 위한 대출금 이자를 지원해줌으로서, 주거비를 감소시키는데 목적이 있음","서울시 내 주택에 임차하려는 청년에게 보증금을 위한 대출금 이자를 지원해줌으로서, 주거비를 감소시키는데 목적이 있음",,"[청년임차보증금 이자지원사업]

서울시 내 주택에 임차하려는 청년에게 보증금을 위한 대출금 이자를 지원해줌으로서, 주거비를 감소시키는데 목적이 있음",2026-02-25T14:19:05.059592+00:00
41,희망두배 청년통장,"학자금 대출, 주거비, 비정규직 취업 등으로 어려움을 겪고 있는 청년 대상 자산형성 지원을 통하여 서울시 근로청년의 자립의욕 고취 및 미래희망을 설계하도록 하는 사업","학자금 대출, 주거비, 비정규직 취업 등으로 어려움을 겪고 있는 청년 대상 자산형성 지원을 통하여 서울시 근로청년의 자립의욕 고취 및 미래희망을 설계하도록 하는 사업",,"[희망두배 청년통장]

학자금 대출, 주거비, 비정규직 취업 등으로 어려움을 겪고 있는 청년 대상 자산형성 지원을 통하여 서울시 근로청년의 자립의욕 고취 및 미래희망을 설계하도록 하는 사업",2026-02-25T14:19:05.059592+00:00
42,강남구 신혼부부 청년 전월세 대출이자 지원사업,강남구 거주 신혼부부 및 청년 주거비 부담 완화,강남구 거주 신혼부부 및 청년 주거비 부담 완화,,"[강남구 신혼부부 청년 전월세 대출이자 지원사업]

강남구 거주 신혼부부 및 청년 주거비 부담 완화",2026-02-25T14:19:05.059592+00:00
43,도봉형 청년 전세보증금반환보증 보증료 지원 사업,국토교통부 전세보증금반환보증 사업의 청년 대상 연령을 보완하여 도봉구 40~45세 청년에게 보증료를 지원하고자 함,국토교통부 전세보증금반환보증 사업의 청년 대상 연령을 보완하여 도봉구 40~45세 청년에게 보증료를 지원하고자 함,,[도봉형 청년 전세보증금반환보증 보증료 지원 사업],2026-02-25T14:19:05.059592+00:00
44,자녀출산 무주택가구 주거비 지원,무주택 가구의 주거비 부담을 줄여 안정된 주거환경 속에서 자녀를 출산 할 수 있도록 지원하고자 함,무주택 가구의 주거비 부담을 줄여 안정된 주거환경 속에서 자녀를 출산 할 수 있도록 지원하고자 함,,"[자녀출산 무주택가구 주거비 지원]

무주택 가구의 주거비 부담을 줄여 안정된 주거환경 속에서 자녀를 출산 할 수 있도록 지원하고자 함",2026-02-25T14:19:05.059592+00:00
